nominal_time,pv,timestamp,value
2026-06-01T00:00:00,BEND:DMPS:400:BACT,2026-06-01T00:00:02,10.000011194073167
2026-06-01T04:00:00,BEND:DMPS:400:BACT,2026-06-01T04:00:01,9.999996080362873
2026-06-01T08:00:00,BEND:DMPS:400:BACT,2026-06-01T08:00:02,9.999997371432526
2026-06-01T12:00:00,BEND:DMPS:400:BACT,2026-06-01T12:00:02,10.000004732854245
2026-06-01T16:00:00,BEND:DMPS:400:BACT,2026-06-01T16:00:02,9.999996898116873
2026-06-01T20:00:00,BEND:DMPS:400:BACT,2026-06-01T20:00:02,10.000006359602438
2026-06-02T00:00:00,BEND:DMPS:400:BACT,2026-06-02T00:00:02,10.000002237982937
2026-06-02T04:00:00,BEND:DMPS:400:BACT,2026-06-02T04:00:01,10.000000932995325
2026-06-02T08:00:00,BEND:DMPS:400:BACT,2026-06-02T08:00:02,9.999993393100754
2026-06-02T12:00:00,BEND:DMPS:400:BACT,2026-06-02T12:00:02,9.9999969839699
2026-06-02T16:00:00,BEND:DMPS:400:BACT,2026-06-02T16:00:01,9.999998560069184
2026-06-02T20:00:00,BEND:DMPS:400:BACT,2026-06-02T20:00:02,9.999999733716557
2026-06-03T00:00:00,BEND:DMPS:400:BACT,2026-06-03T00:00:02,10.000005736774783
2026-06-03T04:00:00,BEND:DMPS:400:BACT,2026-06-03T04:00:02,9.999996744411284
2026-06-03T08:00:00,BEND:DMPS:400:BACT,2026-06-03T08:00:02,10.000005808051865
2026-06-03T12:00:00,BEND:DMPS:400:BACT,2026-06-03T12:00:01,10.000001143518885
2026-06-03T16:00:00,BEND:DMPS:400:BACT,2026-06-03T16:00:02,9.999998774604546
2026-06-03T20:00:00,BEND:DMPS:400:BACT,2026-06-03T20:00:02,9.99999763467151
2026-06-04T00:00:00,BEND:DMPS:400:BACT,2026-06-04T00:00:01,9.999995840213423
2026-06-04T04:00:00,BEND:DMPS:400:BACT,2026-06-04T04:00:02,10.000000127296342
2026-06-04T08:00:00,BEND:DMPS:400:BACT,2026-06-04T08:00:01,9.999996568661874
2026-06-04T12:00:00,BEND:DMPS:400:BACT,2026-06-04T12:00:02,9.999992796307989
2026-06-04T16:00:00,BEND:DMPS:400:BACT,2026-06-04T16:00:02,10.000002186202796
2026-06-04T20:00:00,BEND:DMPS:400:BACT,2026-06-04T20:00:02,9.999991667948805
2026-06-05T00:00:00,BEND:DMPS:400:BACT,2026-06-05T00:00:01,10.000002261384111
2026-06-05T04:00:00,BEND:DMPS:400:BACT,2026-06-05T04:00:02,10.000004875732099
2026-06-05T08:00:00,BEND:DMPS:400:BACT,2026-06-05T08:00:02,9.99999760738451
2026-06-05T12:00:00,BEND:DMPS:400:BACT,2026-06-05T12:00:01,10.00000202185051
2026-06-05T16:00:00,BEND:DMPS:400:BACT,2026-06-05T16:00:02,9.999998314748431
2026-06-05T20:00:00,BEND:DMPS:400:BACT,2026-06-05T20:00:02,10.000003329126818
2026-06-06T00:00:00,BEND:DMPS:400:BACT,2026-06-06T00:00:02,10.000006012043503
2026-06-06T04:00:00,BEND:DMPS:400:BACT,2026-06-06T04:00:02,10.00000482621041
2026-06-06T08:00:00,BEND:DMPS:400:BACT,2026-06-06T08:00:02,9.99999388610727
2026-06-06T12:00:00,BEND:DMPS:400:BACT,2026-06-06T12:00:01,10.000002199062406
2026-06-06T16:00:00,BEND:DMPS:400:BACT,2026-06-06T16:00:02,10.000006527519359
2026-06-06T20:00:00,BEND:DMPS:400:BACT,2026-06-06T20:00:02,10.000004475884866
2026-06-07T00:00:00,BEND:DMPS:400:BACT,2026-06-07T00:00:02,9.999999166887127
2026-06-07T04:00:00,BEND:DMPS:400:BACT,2026-06-07T04:00:02,10.000006429717729
2026-06-07T08:00:00,BEND:DMPS:400:BACT,2026-06-07T08:00:02,9.999995864635594
2026-06-07T12:00:00,BEND:DMPS:400:BACT,2026-06-07T12:00:00,9.999998916287613
2026-06-07T16:00:00,BEND:DMPS:400:BACT,2026-06-07T16:00:02,9.99999929726394
2026-06-07T20:00:00,BEND:DMPS:400:BACT,2026-06-07T20:00:02,10.00000332648885
2026-06-08T00:00:00,BEND:DMPS:400:BACT,2026-06-08T00:00:02,10.000001713917213
2026-06-08T04:00:00,BEND:DMPS:400:BACT,2026-06-08T04:00:02,9.999995579105718
2026-06-08T08:00:00,BEND:DMPS:400:BACT,2026-06-08T08:00:02,9.999998948972724
2026-06-08T12:00:00,BEND:DMPS:400:BACT,2026-06-08T12:00:02,9.99999566754936
2026-06-08T16:00:00,BEND:DMPS:400:BACT,2026-06-08T16:00:02,9.999999537910979
2026-06-08T20:00:00,BEND:DMPS:400:BACT,2026-06-08T20:00:01,9.999992975549986
2026-06-09T00:00:00,BEND:DMPS:400:BACT,2026-06-09T00:00:02,9.99999409371624
2026-06-09T04:00:00,BEND:DMPS:400:BACT,2026-06-09T04:00:02,9.99999444898331
2026-06-09T08:00:00,BEND:DMPS:400:BACT,2026-06-09T08:00:02,9.999996928576483
2026-06-09T12:00:00,BEND:DMPS:400:BACT,2026-06-09T12:00:02,10.000002446608704
2026-06-09T16:00:00,BEND:DMPS:400:BACT,2026-06-09T16:00:02,9.999999471776896
2026-06-09T20:00:00,BEND:DMPS:400:BACT,2026-06-09T20:00:02,3.999995441333942
2026-06-09T22:00:00,BEND:DMPS:400:BACT,2026-06-09T22:00:01,3.9999923892503144
2026-06-09T22:15:00,BEND:DMPS:400:BACT,2026-06-09T22:15:01,4.000006678791764
2026-06-09T22:30:00,BEND:DMPS:400:BACT,2026-06-09T22:30:02,3.999999251698931
2026-06-09T22:45:00,BEND:DMPS:400:BACT,2026-06-09T22:45:02,3.999992283169287
2026-06-09T23:00:00,BEND:DMPS:400:BACT,2026-06-09T23:00:01,4.000001103217498
2026-06-09T23:15:00,BEND:DMPS:400:BACT,2026-06-09T23:15:01,3.99999127420326
2026-06-09T23:30:00,BEND:DMPS:400:BACT,2026-06-09T23:30:02,4.000004509624135
2026-06-09T23:45:00,BEND:DMPS:400:BACT,2026-06-09T23:45:02,3.999996235460968
2026-06-10T00:00:00,BEND:DMPS:400:BACT,2026-06-10T00:00:01,3.999997438669841
2026-06-10T00:15:00,BEND:DMPS:400:BACT,2026-06-10T00:15:02,4.000008085169755
2026-06-10T00:30:00,BEND:DMPS:400:BACT,2026-06-10T00:30:02,3.9999907932644323
2026-06-10T00:45:00,BEND:DMPS:400:BACT,2026-06-10T00:45:02,4.000006315476389
2026-06-10T01:00:00,BEND:DMPS:400:BACT,2026-06-10T01:00:02,4.000008759003939
2026-06-10T01:15:00,BEND:DMPS:400:BACT,2026-06-10T01:15:02,3.9999947591636977
2026-06-10T01:30:00,BEND:DMPS:400:BACT,2026-06-10T01:30:02,3.9999957876698318
2026-06-10T01:45:00,BEND:DMPS:400:BACT,2026-06-10T01:45:01,3.999991876738576
2026-06-10T02:00:00,BEND:DMPS:400:BACT,2026-06-10T02:00:02,4.000002937253761
2026-06-10T02:15:00,BEND:DMPS:400:BACT,2026-06-10T02:15:02,4.00000306980783
2026-06-10T02:30:00,BEND:DMPS:400:BACT,2026-06-10T02:30:02,3.999991609795936
2026-06-10T02:45:00,BEND:DMPS:400:BACT,2026-06-10T02:45:02,3.999998734403716
2026-06-10T03:00:00,BEND:DMPS:400:BACT,2026-06-10T03:00:01,3.999999142193891
2026-06-10T03:15:00,BEND:DMPS:400:BACT,2026-06-10T03:15:02,4.000009214048566
2026-06-10T03:30:00,BEND:DMPS:400:BACT,2026-06-10T03:30:02,3.999999068823472
2026-06-10T03:45:00,BEND:DMPS:400:BACT,2026-06-10T03:45:02,3.999987222821752
2026-06-10T04:00:00,BEND:DMPS:400:BACT,2026-06-10T04:00:02,4.000000048550793
2026-06-10T04:15:00,BEND:DMPS:400:BACT,2026-06-10T04:15:02,4.000004674391379
2026-06-10T04:30:00,BEND:DMPS:400:BACT,2026-06-10T04:30:02,3.999993495764494
2026-06-10T04:45:00,BEND:DMPS:400:BACT,2026-06-10T04:45:01,4.000003570742204
2026-06-10T05:00:00,BEND:DMPS:400:BACT,2026-06-10T05:00:02,4.0000002186872665
2026-06-10T05:15:00,BEND:DMPS:400:BACT,2026-06-10T05:15:02,4.0000051029732475
2026-06-10T05:30:00,BEND:DMPS:400:BACT,2026-06-10T05:30:02,4.0000016973134205
2026-06-10T05:45:00,BEND:DMPS:400:BACT,2026-06-10T05:45:02,3.9999945868358946
2026-06-10T06:00:00,BEND:DMPS:400:BACT,2026-06-10T06:00:02,4.00000005400622
2026-06-10T06:15:00,BEND:DMPS:400:BACT,2026-06-10T06:15:02,3.9999971962979566
2026-06-10T06:30:00,BEND:DMPS:400:BACT,2026-06-10T06:30:01,4.0000012677248495
2026-06-10T06:45:00,BEND:DMPS:400:BACT,2026-06-10T06:45:02,3.9999989392881288
2026-06-10T07:00:00,BEND:DMPS:400:BACT,2026-06-10T07:00:02,3.999998085771176
2026-06-10T07:15:00,BEND:DMPS:400:BACT,2026-06-10T07:15:02,4.000004265988161
2026-06-10T07:30:00,BEND:DMPS:400:BACT,2026-06-10T07:30:02,3.9999932042324504
2026-06-10T07:45:00,BEND:DMPS:400:BACT,2026-06-10T07:45:01,4.000001958253655
2026-06-10T08:00:00,BEND:DMPS:400:BACT,2026-06-10T08:00:02,4.000001854498162
2026-06-10T08:15:00,BEND:DMPS:400:BACT,2026-06-10T08:15:01,3.9999988184105684
2026-06-10T08:30:00,BEND:DMPS:400:BACT,2026-06-10T08:30:01,4.000006755893043
2026-06-10T08:45:00,BEND:DMPS:400:BACT,2026-06-10T08:45:02,3.9999988704339535
2026-06-10T09:00:00,BEND:DMPS:400:BACT,2026-06-10T09:00:02,4.000003838268568
2026-06-10T09:15:00,BEND:DMPS:400:BACT,2026-06-10T09:15:02,4.000005315795101
2026-06-10T09:30:00,BEND:DMPS:400:BACT,2026-06-10T09:30:01,4.00000123133705
2026-06-10T09:45:00,BEND:DMPS:400:BACT,2026-06-10T09:45:02,3.9999964245406465
2026-06-10T10:00:00,BEND:DMPS:400:BACT,2026-06-10T10:00:02,4.000002096212705
2026-06-10T10:15:00,BEND:DMPS:400:BACT,2026-06-10T10:15:02,3.9999972906528365
2026-06-10T10:30:00,BEND:DMPS:400:BACT,2026-06-10T10:30:02,3.9999997941124645
2026-06-10T10:45:00,BEND:DMPS:400:BACT,2026-06-10T10:45:00,3.9999916187897315
2026-06-10T11:00:00,BEND:DMPS:400:BACT,2026-06-10T11:00:02,4.000003446870592
2026-06-10T11:15:00,BEND:DMPS:400:BACT,2026-06-10T11:15:01,3.999998960071599
2026-06-10T11:30:00,BEND:DMPS:400:BACT,2026-06-10T11:30:02,3.9999878218049636
2026-06-10T11:45:00,BEND:DMPS:400:BACT,2026-06-10T11:45:02,4.000006477160937
2026-06-10T12:00:00,BEND:DMPS:400:BACT,2026-06-10T12:00:02,3.999997835430039
2026-06-10T12:15:00,BEND:DMPS:400:BACT,2026-06-10T12:15:02,3.999999705004074
2026-06-10T12:30:00,BEND:DMPS:400:BACT,2026-06-10T12:30:02,3.9999965503084227
2026-06-10T12:45:00,BEND:DMPS:400:BACT,2026-06-10T12:45:02,3.9999979771254495
2026-06-10T13:00:00,BEND:DMPS:400:BACT,2026-06-10T13:00:01,4.000004907580296
2026-06-10T13:15:00,BEND:DMPS:400:BACT,2026-06-10T13:15:02,4.000010370360603
2026-06-10T13:30:00,BEND:DMPS:400:BACT,2026-06-10T13:30:01,3.999988735414184
2026-06-10T13:45:00,BEND:DMPS:400:BACT,2026-06-10T13:45:02,4.000003177017618
2026-06-10T14:00:00,BEND:DMPS:400:BACT,2026-06-10T14:00:02,3.9999943384151715
2026-06-10T14:15:00,BEND:DMPS:400:BACT,2026-06-10T14:15:02,3.9999960732133553
2026-06-10T14:30:00,BEND:DMPS:400:BACT,2026-06-10T14:30:02,4.000005704256215
2026-06-10T14:45:00,BEND:DMPS:400:BACT,2026-06-10T14:45:02,3.999996564258611
2026-06-10T15:00:00,BEND:DMPS:400:BACT,2026-06-10T15:00:02,4.000006878188088
2026-06-10T15:15:00,BEND:DMPS:400:BACT,2026-06-10T15:15:01,4.000002623790747
2026-06-10T15:30:00,BEND:DMPS:400:BACT,2026-06-10T15:30:02,3.9999983836986934
2026-06-10T15:45:00,BEND:DMPS:400:BACT,2026-06-10T15:45:02,4.00000148735633
2026-06-10T16:00:00,BEND:DMPS:400:BACT,2026-06-10T16:00:02,3.9999977822683315
2026-06-10T16:15:00,BEND:DMPS:400:BACT,2026-06-10T16:15:02,3.9999958303602776
2026-06-10T16:30:00,BEND:DMPS:400:BACT,2026-06-10T16:30:02,4.000002802060395
2026-06-10T16:45:00,BEND:DMPS:400:BACT,2026-06-10T16:45:02,4.0000016500877
2026-06-10T17:00:00,BEND:DMPS:400:BACT,2026-06-10T17:00:02,3.999999025520446
2026-06-10T17:15:00,BEND:DMPS:400:BACT,2026-06-10T17:15:02,4.000004717344059
2026-06-10T17:30:00,BEND:DMPS:400:BACT,2026-06-10T17:30:00,3.999996349581927
2026-06-10T17:45:00,BEND:DMPS:400:BACT,2026-06-10T17:45:02,4.000002664428261
2026-06-10T18:00:00,BEND:DMPS:400:BACT,2026-06-10T18:00:02,3.99999861440497
2026-06-10T20:00:00,BEND:DMPS:400:BACT,2026-06-10T20:00:02,4.000004782265255
2026-06-11T00:00:00,BEND:DMPS:400:BACT,2026-06-11T00:00:02,4.000004636718865
2026-06-11T04:00:00,BEND:DMPS:400:BACT,2026-06-11T04:00:02,3.9999964804820913
2026-06-11T06:00:00,BEND:DMPS:400:BACT,2026-06-11T06:00:01,3.999993765053421
2026-06-11T06:15:00,BEND:DMPS:400:BACT,2026-06-11T06:15:01,4.000002902475524
2026-06-11T06:30:00,BEND:DMPS:400:BACT,2026-06-11T06:30:02,4.000000322841907
2026-06-11T06:45:00,BEND:DMPS:400:BACT,2026-06-11T06:45:02,4.000000457624724
2026-06-11T07:00:00,BEND:DMPS:400:BACT,2026-06-11T07:00:02,3.9999972691530328
2026-06-11T07:15:00,BEND:DMPS:400:BACT,2026-06-11T07:15:02,3.999993072790288
2026-06-11T07:30:00,BEND:DMPS:400:BACT,2026-06-11T07:30:02,4.000006743424039
2026-06-11T07:45:00,BEND:DMPS:400:BACT,2026-06-11T07:45:01,4.000002112056619
2026-06-11T08:00:00,BEND:DMPS:400:BACT,2026-06-11T08:00:01,3.9999961387693146
2026-06-11T08:15:00,BEND:DMPS:400:BACT,2026-06-11T08:15:02,4.0000041127228245
2026-06-11T08:30:00,BEND:DMPS:400:BACT,2026-06-11T08:30:02,3.9999993868410972
2026-06-11T08:45:00,BEND:DMPS:400:BACT,2026-06-11T08:45:02,4.000004232164972
2026-06-11T09:00:00,BEND:DMPS:400:BACT,2026-06-11T09:00:02,3.999997019306695
2026-06-11T09:15:00,BEND:DMPS:400:BACT,2026-06-11T09:15:01,4.0000022247825395
2026-06-11T09:30:00,BEND:DMPS:400:BACT,2026-06-11T09:30:02,4.000009891898547
2026-06-11T09:45:00,BEND:DMPS:400:BACT,2026-06-11T09:45:02,4.0000007282548085
2026-06-11T10:00:00,BEND:DMPS:400:BACT,2026-06-11T10:00:02,4.000009073408813
2026-06-11T10:15:00,BEND:DMPS:400:BACT,2026-06-11T10:15:02,4.000002962627189
2026-06-11T10:30:00,BEND:DMPS:400:BACT,2026-06-11T10:30:00,3.9999969494423837
2026-06-11T10:45:00,BEND:DMPS:400:BACT,2026-06-11T10:45:02,4.000003778657523
2026-06-11T11:00:00,BEND:DMPS:400:BACT,2026-06-11T11:00:01,3.999996284342283
2026-06-11T11:15:00,BEND:DMPS:400:BACT,2026-06-11T11:15:02,4.00000477438355
2026-06-11T11:30:00,BEND:DMPS:400:BACT,2026-06-11T11:30:02,4.000001980025229
2026-06-11T11:45:00,BEND:DMPS:400:BACT,2026-06-11T11:45:02,3.9999896245410946
2026-06-11T12:00:00,BEND:DMPS:400:BACT,2026-06-11T12:00:02,4.000003574760206
2026-06-11T12:15:00,BEND:DMPS:400:BACT,2026-06-11T12:15:02,4.00000099173095
2026-06-11T12:30:00,BEND:DMPS:400:BACT,2026-06-11T12:30:02,3.999993726242929
2026-06-11T12:45:00,BEND:DMPS:400:BACT,2026-06-11T12:45:00,4.000005556311562
2026-06-11T13:00:00,BEND:DMPS:400:BACT,2026-06-11T13:00:02,3.999999895986512
2026-06-11T13:15:00,BEND:DMPS:400:BACT,2026-06-11T13:15:01,4.000003402066701
2026-06-11T13:30:00,BEND:DMPS:400:BACT,2026-06-11T13:30:02,3.999998595026944
2026-06-11T13:45:00,BEND:DMPS:400:BACT,2026-06-11T13:45:02,3.999996449435592
2026-06-11T14:00:00,BEND:DMPS:400:BACT,2026-06-11T14:00:02,3.9999973255969334
2026-06-11T14:15:00,BEND:DMPS:400:BACT,2026-06-11T14:15:02,3.9999969105997835
2026-06-11T14:30:00,BEND:DMPS:400:BACT,2026-06-11T14:30:00,4.000003753651202
2026-06-11T14:45:00,BEND:DMPS:400:BACT,2026-06-11T14:45:01,3.9999963179750804
2026-06-11T15:00:00,BEND:DMPS:400:BACT,2026-06-11T15:00:02,4.00000198245222
2026-06-11T15:15:00,BEND:DMPS:400:BACT,2026-06-11T15:15:02,4.000003766355883
2026-06-11T15:30:00,BEND:DMPS:400:BACT,2026-06-11T15:30:02,4.000007011137907
2026-06-11T15:45:00,BEND:DMPS:400:BACT,2026-06-11T15:45:02,3.999995273611231
2026-06-11T16:00:00,BEND:DMPS:400:BACT,2026-06-11T16:00:02,4.000003993292031
2026-06-11T16:15:00,BEND:DMPS:400:BACT,2026-06-11T16:15:01,3.99999361643808
2026-06-11T16:30:00,BEND:DMPS:400:BACT,2026-06-11T16:30:02,3.9999981554135617
2026-06-11T16:45:00,BEND:DMPS:400:BACT,2026-06-11T16:45:01,4.000001728269823
2026-06-11T17:00:00,BEND:DMPS:400:BACT,2026-06-11T17:00:02,4.000003285934609
2026-06-11T17:15:00,BEND:DMPS:400:BACT,2026-06-11T17:15:02,4.000007333374216
2026-06-11T17:30:00,BEND:DMPS:400:BACT,2026-06-11T17:30:01,3.999993402339638
2026-06-11T17:45:00,BEND:DMPS:400:BACT,2026-06-11T17:45:02,4.000009294080602
2026-06-11T18:00:00,BEND:DMPS:400:BACT,2026-06-11T18:00:02,3.999994672317606
2026-06-11T18:15:00,BEND:DMPS:400:BACT,2026-06-11T18:15:02,3.999998857413496
2026-06-11T18:30:00,BEND:DMPS:400:BACT,2026-06-11T18:30:02,4.000004279273352
2026-06-11T18:45:00,BEND:DMPS:400:BACT,2026-06-11T18:45:02,3.999992596548454
2026-06-11T19:00:00,BEND:DMPS:400:BACT,2026-06-11T19:00:02,4.000003654153775
2026-06-11T19:15:00,BEND:DMPS:400:BACT,2026-06-11T19:15:01,3.9999972006767233
2026-06-11T19:30:00,BEND:DMPS:400:BACT,2026-06-11T19:30:02,3.999995028263871
2026-06-11T19:45:00,BEND:DMPS:400:BACT,2026-06-11T19:45:02,3.999999771044614
2026-06-11T20:00:00,BEND:DMPS:400:BACT,2026-06-11T20:00:02,3.999987984617214
2026-06-11T20:15:00,BEND:DMPS:400:BACT,2026-06-11T20:15:01,3.9999992406738936
2026-06-11T20:30:00,BEND:DMPS:400:BACT,2026-06-11T20:30:01,4.000002705417402
2026-06-11T20:45:00,BEND:DMPS:400:BACT,2026-06-11T20:45:02,3.999999693576802
2026-06-11T21:00:00,BEND:DMPS:400:BACT,2026-06-11T21:00:02,3.9999985111808027
2026-06-11T21:15:00,BEND:DMPS:400:BACT,2026-06-11T21:15:02,4.000001963455894
2026-06-11T21:30:00,BEND:DMPS:400:BACT,2026-06-11T21:30:02,4.000005523483194
2026-06-11T21:45:00,BEND:DMPS:400:BACT,2026-06-11T21:45:02,3.9999950361695387
2026-06-11T22:00:00,BEND:DMPS:400:BACT,2026-06-11T22:00:02,3.9999993717596203
2026-06-11T22:15:00,BEND:DMPS:400:BACT,2026-06-11T22:15:01,4.000002342299327
2026-06-11T22:30:00,BEND:DMPS:400:BACT,2026-06-11T22:30:02,3.9999923668583706
2026-06-11T22:45:00,BEND:DMPS:400:BACT,2026-06-11T22:45:02,4.000007771400147
2026-06-11T23:00:00,BEND:DMPS:400:BACT,2026-06-11T23:00:02,4.000003093902562
2026-06-11T23:15:00,BEND:DMPS:400:BACT,2026-06-11T23:15:02,3.9999945960376464
2026-06-11T23:30:00,BEND:DMPS:400:BACT,2026-06-11T23:30:01,4.000010249260935
2026-06-11T23:45:00,BEND:DMPS:400:BACT,2026-06-11T23:45:02,3.99999105138443
2026-06-12T00:00:00,BEND:DMPS:400:BACT,2026-06-12T00:00:02,4.000007095342181
2026-06-12T00:15:00,BEND:DMPS:400:BACT,2026-06-12T00:15:02,4.000000360201353
2026-06-12T00:30:00,BEND:DMPS:400:BACT,2026-06-12T00:30:02,3.999990789190825
2026-06-12T00:45:00,BEND:DMPS:400:BACT,2026-06-12T00:45:02,4.00000750958632
2026-06-12T01:00:00,BEND:DMPS:400:BACT,2026-06-12T01:00:02,3.9999987792028535
2026-06-12T01:15:00,BEND:DMPS:400:BACT,2026-06-12T01:15:01,4.000002187838927
2026-06-12T01:30:00,BEND:DMPS:400:BACT,2026-06-12T01:30:02,4.000002382837701
2026-06-12T01:45:00,BEND:DMPS:400:BACT,2026-06-12T01:45:02,3.999992400216554
2026-06-12T02:00:00,BEND:DMPS:400:BACT,2026-06-12T02:00:02,3.9999984607029813
2026-06-12T02:15:00,BEND:DMPS:400:BACT,2026-06-12T02:15:02,3.999995294740403
2026-06-12T02:30:00,BEND:DMPS:400:BACT,2026-06-12T02:30:01,4.000002295060584
2026-06-12T02:45:00,BEND:DMPS:400:BACT,2026-06-12T02:45:02,4.000005685645234
2026-06-12T03:00:00,BEND:DMPS:400:BACT,2026-06-12T03:00:01,3.9999963254136253
2026-06-12T03:15:00,BEND:DMPS:400:BACT,2026-06-12T03:15:02,4.0000000590265525
2026-06-12T03:30:00,BEND:DMPS:400:BACT,2026-06-12T03:30:02,3.999996730252064
2026-06-12T03:45:00,BEND:DMPS:400:BACT,2026-06-12T03:45:00,3.9999953842072538
2026-06-12T04:00:00,BEND:DMPS:400:BACT,2026-06-12T04:00:02,3.9999995167862545
2026-06-12T04:15:00,BEND:DMPS:400:BACT,2026-06-12T04:15:01,3.999998707463373
2026-06-12T04:30:00,BEND:DMPS:400:BACT,2026-06-12T04:30:02,4.00000336862136
2026-06-12T04:45:00,BEND:DMPS:400:BACT,2026-06-12T04:45:01,4.000003498242777
2026-06-12T05:00:00,BEND:DMPS:400:BACT,2026-06-12T05:00:02,3.9999967526115063
2026-06-12T05:15:00,BEND:DMPS:400:BACT,2026-06-12T05:15:02,4.000003062267019
2026-06-12T05:30:00,BEND:DMPS:400:BACT,2026-06-12T05:30:00,3.9999913266212253
2026-06-12T05:45:00,BEND:DMPS:400:BACT,2026-06-12T05:45:02,3.9999977554902517
2026-06-12T06:00:00,BEND:DMPS:400:BACT,2026-06-12T06:00:01,4.000005911793839
2026-06-12T06:15:00,BEND:DMPS:400:BACT,2026-06-12T06:15:02,3.9999867531454756
2026-06-12T06:30:00,BEND:DMPS:400:BACT,2026-06-12T06:30:02,4.000005395942136
2026-06-12T06:45:00,BEND:DMPS:400:BACT,2026-06-12T06:45:02,4.000000147971778
2026-06-12T07:00:00,BEND:DMPS:400:BACT,2026-06-12T07:00:02,3.999996762090314
2026-06-12T07:15:00,BEND:DMPS:400:BACT,2026-06-12T07:15:01,4.0000021819111975
2026-06-12T07:30:00,BEND:DMPS:400:BACT,2026-06-12T07:30:02,3.999996213254779
2026-06-12T07:45:00,BEND:DMPS:400:BACT,2026-06-12T07:45:01,4.0000013631010765
2026-06-12T08:00:00,BEND:DMPS:400:BACT,2026-06-12T08:00:02,3.9999988862024973
2026-06-12T08:15:00,BEND:DMPS:400:BACT,2026-06-12T08:15:02,3.9999977992369256
2026-06-12T08:30:00,BEND:DMPS:400:BACT,2026-06-12T08:30:02,4.000002322687458
2026-06-12T08:45:00,BEND:DMPS:400:BACT,2026-06-12T08:45:02,3.9999942261480554
2026-06-12T09:00:00,BEND:DMPS:400:BACT,2026-06-12T09:00:01,4.000008794664333
2026-06-12T09:15:00,BEND:DMPS:400:BACT,2026-06-12T09:15:02,3.99998692428846
2026-06-12T09:30:00,BEND:DMPS:400:BACT,2026-06-12T09:30:02,3.9999968056759587
2026-06-12T09:45:00,BEND:DMPS:400:BACT,2026-06-12T09:45:02,4.000005046553037
2026-06-12T10:00:00,BEND:DMPS:400:BACT,2026-06-12T10:00:02,3.999997154488448
2026-06-12T10:15:00,BEND:DMPS:400:BACT,2026-06-12T10:15:02,4.0000040522554
2026-06-12T10:30:00,BEND:DMPS:400:BACT,2026-06-12T10:30:02,4.000008304304694
2026-06-12T10:45:00,BEND:DMPS:400:BACT,2026-06-12T10:45:01,4.000003750274729
2026-06-12T11:00:00,BEND:DMPS:400:BACT,2026-06-12T11:00:02,4.000009483134138
2026-06-12T11:15:00,BEND:DMPS:400:BACT,2026-06-12T11:15:02,4.000007336666548
2026-06-12T11:30:00,BEND:DMPS:400:BACT,2026-06-12T11:30:02,3.999999048031804
2026-06-12T11:45:00,BEND:DMPS:400:BACT,2026-06-12T11:45:02,4.000013823868521
2026-06-12T12:00:00,BEND:DMPS:400:BACT,2026-06-12T12:00:02,4.000007937249128
2026-06-12T12:15:00,BEND:DMPS:400:BACT,2026-06-12T12:15:02,3.9999991708418188
2026-06-12T12:30:00,BEND:DMPS:400:BACT,2026-06-12T12:30:02,3.9999962529232262
2026-06-12T12:45:00,BEND:DMPS:400:BACT,2026-06-12T12:45:02,4.00000668152951
2026-06-12T13:00:00,BEND:DMPS:400:BACT,2026-06-12T13:00:01,3.999997756420707
2026-06-12T13:15:00,BEND:DMPS:400:BACT,2026-06-12T13:15:02,3.99998838297713
2026-06-12T13:30:00,BEND:DMPS:400:BACT,2026-06-12T13:30:02,4.000001162627785
2026-06-12T13:45:00,BEND:DMPS:400:BACT,2026-06-12T13:45:02,4.0000010837528395
2026-06-12T14:00:00,BEND:DMPS:400:BACT,2026-06-12T14:00:02,3.999999205526002
2026-06-12T14:15:00,BEND:DMPS:400:BACT,2026-06-12T14:15:02,3.999999406116775
2026-06-12T14:30:00,BEND:DMPS:400:BACT,2026-06-12T14:30:02,4.000005537390314
2026-06-12T14:45:00,BEND:DMPS:400:BACT,2026-06-12T14:45:02,4.000005330892514
2026-06-12T15:00:00,BEND:DMPS:400:BACT,2026-06-12T15:00:02,3.999991956921887
2026-06-12T15:15:00,BEND:DMPS:400:BACT,2026-06-12T15:15:02,4.000006245385187
2026-06-12T15:30:00,BEND:DMPS:400:BACT,2026-06-12T15:30:02,3.999996058972454
2026-06-12T15:45:00,BEND:DMPS:400:BACT,2026-06-12T15:45:02,3.9999932014208763
2026-06-12T16:00:00,BEND:DMPS:400:BACT,2026-06-12T16:00:02,4.000006749038301
2026-06-12T16:15:00,BEND:DMPS:400:BACT,2026-06-12T16:15:02,4.000001936220891
2026-06-12T16:30:00,BEND:DMPS:400:BACT,2026-06-12T16:30:02,3.9999970889019503
2026-06-12T16:45:00,BEND:DMPS:400:BACT,2026-06-12T16:45:02,3.999999151230847
2026-06-12T17:00:00,BEND:DMPS:400:BACT,2026-06-12T17:00:02,3.9999940729290824
2026-06-12T17:15:00,BEND:DMPS:400:BACT,2026-06-12T17:15:01,4.000003067376474
2026-06-12T17:30:00,BEND:DMPS:400:BACT,2026-06-12T17:30:02,4.00001396756094
2026-06-12T17:45:00,BEND:DMPS:400:BACT,2026-06-12T17:45:02,3.999998250141238
2026-06-12T18:00:00,BEND:DMPS:400:BACT,2026-06-12T18:00:02,4.000000631783224
2026-06-12T18:15:00,BEND:DMPS:400:BACT,2026-06-12T18:15:02,4.000004857967217
2026-06-12T18:30:00,BEND:DMPS:400:BACT,2026-06-12T18:30:02,4.000002378229885
2026-06-12T18:45:00,BEND:DMPS:400:BACT,2026-06-12T18:45:02,4.000001903919159
2026-06-12T19:00:00,BEND:DMPS:400:BACT,2026-06-12T19:00:01,3.9999959988807454
2026-06-12T19:15:00,BEND:DMPS:400:BACT,2026-06-12T19:14:59,4.0000020852818725
2026-06-12T19:30:00,BEND:DMPS:400:BACT,2026-06-12T19:30:02,4.000001433993479
2026-06-12T19:45:00,BEND:DMPS:400:BACT,2026-06-12T19:45:02,3.9999898955613604
2026-06-12T20:00:00,BEND:DMPS:400:BACT,2026-06-12T20:00:02,4.000009522282116
2026-06-12T20:15:00,BEND:DMPS:400:BACT,2026-06-12T20:15:02,4.000004403886438
2026-06-12T20:30:00,BEND:DMPS:400:BACT,2026-06-12T20:30:02,4.000003301182413
2026-06-12T20:45:00,BEND:DMPS:400:BACT,2026-06-12T20:45:01,4.000003678044977
2026-06-12T21:00:00,BEND:DMPS:400:BACT,2026-06-12T21:00:02,4.000000578359167
2026-06-12T21:15:00,BEND:DMPS:400:BACT,2026-06-12T21:15:00,4.000004741397335
2026-06-12T21:30:00,BEND:DMPS:400:BACT,2026-06-12T21:30:01,4.000005490677428
2026-06-12T21:45:00,BEND:DMPS:400:BACT,2026-06-12T21:45:02,4.000001557731114
2026-06-12T22:00:00,BEND:DMPS:400:BACT,2026-06-12T22:00:02,4.000005953899317
2026-06-12T22:15:00,BEND:DMPS:400:BACT,2026-06-12T22:15:02,4.00000188060628
2026-06-12T22:30:00,BEND:DMPS:400:BACT,2026-06-12T22:30:02,3.9999944318669725
2026-06-12T22:45:00,BEND:DMPS:400:BACT,2026-06-12T22:45:02,4.000001136155319
2026-06-12T23:00:00,BEND:DMPS:400:BACT,2026-06-12T23:00:01,3.999996358479261
2026-06-12T23:15:00,BEND:DMPS:400:BACT,2026-06-12T23:15:02,7.999994902239753
2026-06-12T23:30:00,BEND:DMPS:400:BACT,2026-06-12T23:30:02,7.999994574609476
2026-06-12T23:45:00,BEND:DMPS:400:BACT,2026-06-12T23:45:02,7.999992129259067
2026-06-13T00:00:00,BEND:DMPS:400:BACT,2026-06-13T00:00:02,7.999991930875322
2026-06-13T00:15:00,BEND:DMPS:400:BACT,2026-06-13T00:15:02,7.999991635014944
2026-06-13T00:30:00,BEND:DMPS:400:BACT,2026-06-13T00:30:02,7.999988019528317
2026-06-13T00:45:00,BEND:DMPS:400:BACT,2026-06-13T00:45:01,7.999995046182893
2026-06-13T01:00:00,BEND:DMPS:400:BACT,2026-06-13T01:00:02,7.999987851005895
2026-06-13T01:15:00,BEND:DMPS:400:BACT,2026-06-13T01:15:02,7.999993983487959
2026-06-13T01:30:00,BEND:DMPS:400:BACT,2026-06-13T01:30:02,7.999993952614697
2026-06-13T01:45:00,BEND:DMPS:400:BACT,2026-06-13T01:45:02,7.999982930367088
2026-06-13T02:00:00,BEND:DMPS:400:BACT,2026-06-13T02:00:02,7.999989496206966
2026-06-13T04:00:00,BEND:DMPS:400:BACT,2026-06-13T04:00:02,7.999999709441514
2026-06-13T08:00:00,BEND:DMPS:400:BACT,2026-06-13T08:00:02,4.999995123100267
2026-06-13T10:00:00,BEND:DMPS:400:BACT,2026-06-13T10:00:02,5.000001259670416
2026-06-13T10:15:00,BEND:DMPS:400:BACT,2026-06-13T10:15:02,5.000005565589977
2026-06-13T10:30:00,BEND:DMPS:400:BACT,2026-06-13T10:30:00,4.999994540561419
2026-06-13T10:45:00,BEND:DMPS:400:BACT,2026-06-13T10:45:02,5.000006799568708
2026-06-13T11:00:00,BEND:DMPS:400:BACT,2026-06-13T11:00:01,4.999995690720857
2026-06-13T11:15:00,BEND:DMPS:400:BACT,2026-06-13T11:15:02,4.9999973102686575
2026-06-13T11:30:00,BEND:DMPS:400:BACT,2026-06-13T11:30:02,4.999999992226729
2026-06-13T11:45:00,BEND:DMPS:400:BACT,2026-06-13T11:45:02,4.999995262769031
2026-06-13T12:00:00,BEND:DMPS:400:BACT,2026-06-13T12:00:02,5.000005369806373
2026-06-13T12:15:00,BEND:DMPS:400:BACT,2026-06-13T12:15:02,5.000002953127549
2026-06-13T12:30:00,BEND:DMPS:400:BACT,2026-06-13T12:30:02,4.999991495336154
2026-06-13T12:45:00,BEND:DMPS:400:BACT,2026-06-13T12:45:01,5.000012024285859
2026-06-13T13:00:00,BEND:DMPS:400:BACT,2026-06-13T13:00:02,4.9999983151084795
2026-06-13T13:15:00,BEND:DMPS:400:BACT,2026-06-13T13:15:02,4.999999060776659
2026-06-13T13:30:00,BEND:DMPS:400:BACT,2026-06-13T13:30:02,5.00000273803907
2026-06-13T13:45:00,BEND:DMPS:400:BACT,2026-06-13T13:45:02,4.999994917814024
2026-06-13T14:00:00,BEND:DMPS:400:BACT,2026-06-13T14:00:02,5.000005476750995
2026-06-13T14:15:00,BEND:DMPS:400:BACT,2026-06-13T14:15:02,5.000000729677643
2026-06-13T14:30:00,BEND:DMPS:400:BACT,2026-06-13T14:30:01,5.000006520469371
2026-06-13T14:45:00,BEND:DMPS:400:BACT,2026-06-13T14:45:02,5.000005818281072
2026-06-13T15:00:00,BEND:DMPS:400:BACT,2026-06-13T15:00:02,4.999991173948668
2026-06-13T15:15:00,BEND:DMPS:400:BACT,2026-06-13T15:15:02,5.0000043530357345
2026-06-13T15:30:00,BEND:DMPS:400:BACT,2026-06-13T15:30:02,4.999995332865324
2026-06-13T15:45:00,BEND:DMPS:400:BACT,2026-06-13T15:45:02,4.999998059210528
2026-06-13T16:00:00,BEND:DMPS:400:BACT,2026-06-13T16:00:02,5.000001802109856
2026-06-13T16:15:00,BEND:DMPS:400:BACT,2026-06-13T16:15:01,4.9999912441839385
2026-06-13T16:30:00,BEND:DMPS:400:BACT,2026-06-13T16:30:02,5.000001048461963
2026-06-13T16:45:00,BEND:DMPS:400:BACT,2026-06-13T16:45:02,5.000002374252334
2026-06-13T17:00:00,BEND:DMPS:400:BACT,2026-06-13T17:00:02,4.999999170890233
2026-06-13T17:15:00,BEND:DMPS:400:BACT,2026-06-13T17:15:02,4.999999138463077
2026-06-13T17:30:00,BEND:DMPS:400:BACT,2026-06-13T17:30:01,4.999990238788157
2026-06-13T17:45:00,BEND:DMPS:400:BACT,2026-06-13T17:45:02,5.000004300725412
2026-06-13T18:00:00,BEND:DMPS:400:BACT,2026-06-13T18:00:02,5.000000913201871
2026-06-13T18:15:00,BEND:DMPS:400:BACT,2026-06-13T18:15:02,4.999992493415055
2026-06-13T18:30:00,BEND:DMPS:400:BACT,2026-06-13T18:30:02,4.99999860740185
2026-06-13T18:45:00,BEND:DMPS:400:BACT,2026-06-13T18:45:02,4.999996168709607
2026-06-13T19:00:00,BEND:DMPS:400:BACT,2026-06-13T19:00:02,5.000005546334476
2026-06-13T19:15:00,BEND:DMPS:400:BACT,2026-06-13T19:15:01,4.999997653443929
2026-06-13T19:30:00,BEND:DMPS:400:BACT,2026-06-13T19:30:02,4.999987036021267
2026-06-13T19:45:00,BEND:DMPS:400:BACT,2026-06-13T19:45:02,5.000003920109158
2026-06-13T20:00:00,BEND:DMPS:400:BACT,2026-06-13T20:00:02,4.99999306232413
2026-06-13T20:15:00,BEND:DMPS:400:BACT,2026-06-13T20:15:02,5.000003673258588
2026-06-13T20:30:00,BEND:DMPS:400:BACT,2026-06-13T20:30:02,4.999999692501278
2026-06-13T20:45:00,BEND:DMPS:400:BACT,2026-06-13T20:45:02,4.9999883732080415
2026-06-13T21:00:00,BEND:DMPS:400:BACT,2026-06-13T21:00:01,4.999993658273159
2026-06-13T21:15:00,BEND:DMPS:400:BACT,2026-06-13T21:15:02,4.999993855387478
2026-06-13T21:30:00,BEND:DMPS:400:BACT,2026-06-13T21:30:02,4.999994274857542
2026-06-13T21:45:00,BEND:DMPS:400:BACT,2026-06-13T21:45:00,5.000007339948792
2026-06-13T22:00:00,BEND:DMPS:400:BACT,2026-06-13T22:00:01,4.999990508052912
2026-06-13T22:15:00,BEND:DMPS:400:BACT,2026-06-13T22:15:02,5.00000000315933
2026-06-13T22:30:00,BEND:DMPS:400:BACT,2026-06-13T22:30:02,4.99999436152699
2026-06-13T22:45:00,BEND:DMPS:400:BACT,2026-06-13T22:45:01,4.999987473723423
2026-06-13T23:00:00,BEND:DMPS:400:BACT,2026-06-13T23:00:02,4.999997975907031
2026-06-13T23:15:00,BEND:DMPS:400:BACT,2026-06-13T23:15:02,5.000003504853221
2026-06-13T23:20:54.516361,BEND:DMPS:400:BACT,2026-06-13T23:20:55,4.999998675793007
2026-06-14T00:00:00,BEND:DMPS:400:BACT,2026-06-14T00:00:02,4.999988162911469
2026-06-14T04:00:00,BEND:DMPS:400:BACT,2026-06-14T04:00:01,4.999991180950178
2026-06-14T08:00:00,BEND:DMPS:400:BACT,2026-06-14T08:00:02,5.000006748109919
2026-06-14T12:00:00,BEND:DMPS:400:BACT,2026-06-14T12:00:02,4.999998223775021
2026-06-14T16:00:00,BEND:DMPS:400:BACT,2026-06-14T16:00:01,4.999998838131534
2026-06-14T20:00:00,BEND:DMPS:400:BACT,2026-06-14T20:00:01,7.999982269489906
2026-06-15T00:00:00,BEND:DMPS:400:BACT,2026-06-15T00:00:02,7.99998804439097
2026-06-15T04:00:00,BEND:DMPS:400:BACT,2026-06-15T04:00:02,7.999985321332246
2026-06-15T08:00:00,BEND:DMPS:400:BACT,2026-06-15T08:00:02,7.999990996864831
2026-06-15T12:00:00,BEND:DMPS:400:BACT,2026-06-15T12:00:01,7.999989182884803
2026-06-15T16:00:00,BEND:DMPS:400:BACT,2026-06-15T16:00:02,7.9999938518635325
2026-06-15T20:00:00,BEND:DMPS:400:BACT,2026-06-15T20:00:02,7.999993198239488
2026-06-16T00:00:00,BEND:DMPS:400:BACT,2026-06-16T00:00:02,7.999997438343528
2026-06-16T04:00:00,BEND:DMPS:400:BACT,2026-06-16T04:00:02,7.99998053284039
2026-06-16T08:00:00,BEND:DMPS:400:BACT,2026-06-16T08:00:01,7.99998701031654
2026-06-16T12:00:00,BEND:DMPS:400:BACT,2026-06-16T12:00:02,7.99998805598008
2026-06-16T16:00:00,BEND:DMPS:400:BACT,2026-06-16T16:00:02,7.999992441612281
2026-06-16T20:00:00,BEND:DMPS:400:BACT,2026-06-16T20:00:00,7.9999956187126235
2026-06-17T00:00:00,BEND:DMPS:400:BACT,2026-06-17T00:00:01,7.999995199109027
2026-06-17T04:00:00,BEND:DMPS:400:BACT,2026-06-17T04:00:02,7.999992800089696
2026-06-17T08:00:00,BEND:DMPS:400:BACT,2026-06-17T08:00:02,8.000001740673675
2026-06-17T12:00:00,BEND:DMPS:400:BACT,2026-06-17T12:00:02,7.999999357361156
2026-06-17T16:00:00,BEND:DMPS:400:BACT,2026-06-17T16:00:01,7.9999902217609025
2026-06-17T20:00:00,BEND:DMPS:400:BACT,2026-06-17T20:00:02,7.9999930653395
2026-06-18T00:00:00,BEND:DMPS:400:BACT,2026-06-18T00:00:02,7.999985726490566
2026-06-18T04:00:00,BEND:DMPS:400:BACT,2026-06-18T04:00:02,7.999985311255063
2026-06-18T08:00:00,BEND:DMPS:400:BACT,2026-06-18T08:00:02,7.999994923671882
2026-06-18T12:00:00,BEND:DMPS:400:BACT,2026-06-18T12:00:02,8.00000114250593
2026-06-18T16:00:00,BEND:DMPS:400:BACT,2026-06-18T16:00:02,8.000002151272874
2026-06-18T20:00:00,BEND:DMPS:400:BACT,2026-06-18T20:00:02,5.0000012269899
2026-06-19T00:00:00,BEND:DMPS:400:BACT,2026-06-19T00:00:02,5.000002762248551
2026-06-19T04:00:00,BEND:DMPS:400:BACT,2026-06-19T04:00:02,5.000001159034905
2026-06-19T08:00:00,BEND:DMPS:400:BACT,2026-06-19T08:00:02,7.9999996316302555
2026-06-19T12:00:00,BEND:DMPS:400:BACT,2026-06-19T12:00:02,7.9999947193952545
2026-06-19T16:00:00,BEND:DMPS:400:BACT,2026-06-19T16:00:02,7.999990914679753
2026-06-19T20:00:00,BEND:DMPS:400:BACT,2026-06-19T20:00:02,5.000001710676998
2026-06-20T00:00:00,BEND:DMPS:400:BACT,2026-06-20T00:00:02,4.999997938774564
2026-06-20T04:00:00,BEND:DMPS:400:BACT,2026-06-20T04:00:02,5.000001378008475
2026-06-20T08:00:00,BEND:DMPS:400:BACT,2026-06-20T08:00:02,4.999989975683812
2026-06-20T12:00:00,BEND:DMPS:400:BACT,2026-06-20T12:00:01,5.000002101551467
2026-06-20T16:00:00,BEND:DMPS:400:BACT,2026-06-20T16:00:01,4.99999682811367
2026-06-20T20:00:00,BEND:DMPS:400:BACT,2026-06-20T20:00:02,7.99999979062747
2026-06-21T00:00:00,BEND:DMPS:400:BACT,2026-06-21T00:00:02,7.99998910884841
2026-06-21T04:00:00,BEND:DMPS:400:BACT,2026-06-21T04:00:02,7.999996328175874
2026-06-21T08:00:00,BEND:DMPS:400:BACT,2026-06-21T08:00:01,7.999995076015582
2026-06-21T12:00:00,BEND:DMPS:400:BACT,2026-06-21T12:00:02,7.9999898543684
2026-06-21T16:00:00,BEND:DMPS:400:BACT,2026-06-21T16:00:02,7.999990904873504
2026-06-01T00:15:00,BEND:DMPS:400:BACT,2026-06-01T00:15:02,9.99999586339207
2026-06-01T00:30:00,BEND:DMPS:400:BACT,2026-06-01T00:30:02,10.000010870071822
2026-06-01T00:45:00,BEND:DMPS:400:BACT,2026-06-01T00:45:02,10.000000497319364
2026-06-01T01:00:00,BEND:DMPS:400:BACT,2026-06-01T01:00:02,10.000004704804068
2026-06-01T01:15:00,BEND:DMPS:400:BACT,2026-06-01T01:15:02,9.999998798457275
2026-06-01T01:30:00,BEND:DMPS:400:BACT,2026-06-01T01:30:01,9.999987000987506
2026-06-01T01:45:00,BEND:DMPS:400:BACT,2026-06-01T01:45:02,9.999999333250791
2026-06-01T02:00:00,BEND:DMPS:400:BACT,2026-06-01T02:00:02,9.999996722140034
2026-06-01T02:15:00,BEND:DMPS:400:BACT,2026-06-01T02:15:02,10.000001384273258
2026-06-01T02:30:00,BEND:DMPS:400:BACT,2026-06-01T02:30:02,10.00000491734956
2026-06-01T02:45:00,BEND:DMPS:400:BACT,2026-06-01T02:45:01,9.99999536845152
2026-06-01T03:00:00,BEND:DMPS:400:BACT,2026-06-01T03:00:02,10.000003500920164
2026-06-01T03:15:00,BEND:DMPS:400:BACT,2026-06-01T03:15:02,9.999995900905017
2026-06-01T03:30:00,BEND:DMPS:400:BACT,2026-06-01T03:30:02,10.000000130549322
2026-06-01T03:45:00,BEND:DMPS:400:BACT,2026-06-01T03:45:02,9.999995497915222
2026-06-01T04:15:00,BEND:DMPS:400:BACT,2026-06-01T04:15:02,10.000004037068123
2026-06-01T04:30:00,BEND:DMPS:400:BACT,2026-06-01T04:30:02,10.000003210325998
2026-06-01T04:45:00,BEND:DMPS:400:BACT,2026-06-01T04:45:02,10.000000357878479
2026-06-01T05:00:00,BEND:DMPS:400:BACT,2026-06-01T05:00:02,9.999999491236677
2026-06-01T05:15:00,BEND:DMPS:400:BACT,2026-06-01T05:15:01,9.999999080110468
2026-06-01T05:30:00,BEND:DMPS:400:BACT,2026-06-01T05:30:02,10.000006965434736
2026-06-01T05:45:00,BEND:DMPS:400:BACT,2026-06-01T05:45:02,9.999995318483531
2026-06-01T06:00:00,BEND:DMPS:400:BACT,2026-06-01T06:00:02,9.999999968627437
2026-06-01T06:15:00,BEND:DMPS:400:BACT,2026-06-01T06:15:02,10.000005867495863
2026-06-01T06:30:00,BEND:DMPS:400:BACT,2026-06-01T06:30:02,9.999992910910697
2026-06-01T06:45:00,BEND:DMPS:400:BACT,2026-06-01T06:45:01,9.999997865560188
2026-06-01T07:00:00,BEND:DMPS:400:BACT,2026-06-01T07:00:01,9.999993144708048
2026-06-01T07:15:00,BEND:DMPS:400:BACT,2026-06-01T07:15:02,10.000007979884185
2026-06-01T07:30:00,BEND:DMPS:400:BACT,2026-06-01T07:30:02,9.99999961534574
2026-06-01T07:45:00,BEND:DMPS:400:BACT,2026-06-01T07:45:00,10.0000055938443
2026-06-01T08:15:00,BEND:DMPS:400:BACT,2026-06-01T08:15:01,9.999994206490054
2026-06-01T08:30:00,BEND:DMPS:400:BACT,2026-06-01T08:30:02,10.000003516374063
2026-06-01T08:45:00,BEND:DMPS:400:BACT,2026-06-01T08:45:02,10.000002302946328
2026-06-01T09:00:00,BEND:DMPS:400:BACT,2026-06-01T09:00:02,9.99999447390831
2026-06-01T09:15:00,BEND:DMPS:400:BACT,2026-06-01T09:15:02,9.999998769970315
2026-06-01T09:30:00,BEND:DMPS:400:BACT,2026-06-01T09:30:01,9.999990911520644
2026-06-01T09:45:00,BEND:DMPS:400:BACT,2026-06-01T09:45:02,10.00000734762961
2026-06-01T10:00:00,BEND:DMPS:400:BACT,2026-06-01T10:00:01,9.999997954178369
2026-06-01T10:15:00,BEND:DMPS:400:BACT,2026-06-01T10:15:02,10.000003446255931
2026-06-01T10:30:00,BEND:DMPS:400:BACT,2026-06-01T10:30:02,10.00000756967687
2026-06-01T10:45:00,BEND:DMPS:400:BACT,2026-06-01T10:45:02,9.999991408369356
2026-06-01T11:00:00,BEND:DMPS:400:BACT,2026-06-01T11:00:02,10.000001307635069
2026-06-01T11:15:00,BEND:DMPS:400:BACT,2026-06-01T11:15:01,9.999994158710209
2026-06-01T11:30:00,BEND:DMPS:400:BACT,2026-06-01T11:30:02,9.999996825998823
2026-06-01T11:45:00,BEND:DMPS:400:BACT,2026-06-01T11:45:00,10.000001540786013
2026-06-01T12:15:00,BEND:DMPS:400:BACT,2026-06-01T12:15:02,9.999998386726789
2026-06-01T12:30:00,BEND:DMPS:400:BACT,2026-06-01T12:30:02,10.000003919447384
2026-06-01T12:45:00,BEND:DMPS:400:BACT,2026-06-01T12:45:02,10.000006391963598
2026-06-01T13:00:00,BEND:DMPS:400:BACT,2026-06-01T13:00:02,10.00000337074555
2026-06-01T13:15:00,BEND:DMPS:400:BACT,2026-06-01T13:15:02,9.999995703940842
2026-06-01T13:30:00,BEND:DMPS:400:BACT,2026-06-01T13:30:01,9.999995860044729
2026-06-01T13:45:00,BEND:DMPS:400:BACT,2026-06-01T13:45:02,10.000002525266462
2026-06-01T14:00:00,BEND:DMPS:400:BACT,2026-06-01T14:00:01,9.999998335824648
2026-06-01T14:15:00,BEND:DMPS:400:BACT,2026-06-01T14:15:02,9.999995219035966
2026-06-01T14:30:00,BEND:DMPS:400:BACT,2026-06-01T14:30:02,10.000003452023332
2026-06-01T14:45:00,BEND:DMPS:400:BACT,2026-06-01T14:45:02,9.999998270505836
2026-06-01T15:00:00,BEND:DMPS:400:BACT,2026-06-01T15:00:02,9.999996259444359
2026-06-01T15:15:00,BEND:DMPS:400:BACT,2026-06-01T15:15:02,9.999995555082089
2026-06-01T15:30:00,BEND:DMPS:400:BACT,2026-06-01T15:30:02,10.000005050160011
2026-06-01T15:45:00,BEND:DMPS:400:BACT,2026-06-01T15:45:01,9.999997646662921
2026-06-01T16:15:00,BEND:DMPS:400:BACT,2026-06-01T16:15:01,9.999987724555575
2026-06-01T16:30:00,BEND:DMPS:400:BACT,2026-06-01T16:30:02,9.99999755853475
2026-06-01T16:45:00,BEND:DMPS:400:BACT,2026-06-01T16:45:02,10.000005452338756
2026-06-01T17:00:00,BEND:DMPS:400:BACT,2026-06-01T17:00:01,9.999993583702372
2026-06-01T17:15:00,BEND:DMPS:400:BACT,2026-06-01T17:15:02,9.999998872362111
2026-06-01T17:30:00,BEND:DMPS:400:BACT,2026-06-01T17:30:02,10.000000760346834
2026-06-01T17:45:00,BEND:DMPS:400:BACT,2026-06-01T17:45:02,9.999999112621857
2026-06-01T18:00:00,BEND:DMPS:400:BACT,2026-06-01T18:00:02,10.000002524769853
2026-06-01T18:15:00,BEND:DMPS:400:BACT,2026-06-01T18:15:02,9.999999377636561
2026-06-01T18:30:00,BEND:DMPS:400:BACT,2026-06-01T18:30:01,10.000004793878393
2026-06-01T18:45:00,BEND:DMPS:400:BACT,2026-06-01T18:45:02,9.999997695187758
2026-06-01T19:00:00,BEND:DMPS:400:BACT,2026-06-01T19:00:01,9.999985832996993
2026-06-01T19:15:00,BEND:DMPS:400:BACT,2026-06-01T19:15:02,9.999998614712249
2026-06-01T19:30:00,BEND:DMPS:400:BACT,2026-06-01T19:30:02,9.999997408775362
2026-06-01T19:45:00,BEND:DMPS:400:BACT,2026-06-01T19:45:02,9.999993310122711
2026-06-01T20:15:00,BEND:DMPS:400:BACT,2026-06-01T20:15:02,9.999993696989382
2026-06-01T20:30:00,BEND:DMPS:400:BACT,2026-06-01T20:30:02,9.999996547454478
2026-06-01T20:45:00,BEND:DMPS:400:BACT,2026-06-01T20:45:01,9.999998376774931
2026-06-01T21:00:00,BEND:DMPS:400:BACT,2026-06-01T21:00:01,9.999994583420271
2026-06-01T21:15:00,BEND:DMPS:400:BACT,2026-06-01T21:15:01,9.999996099084843
2026-06-01T21:30:00,BEND:DMPS:400:BACT,2026-06-01T21:30:02,10.000000726517138
2026-06-01T21:45:00,BEND:DMPS:400:BACT,2026-06-01T21:45:02,9.999985758901209
2026-06-01T22:00:00,BEND:DMPS:400:BACT,2026-06-01T22:00:02,9.999996121828458
2026-06-01T22:15:00,BEND:DMPS:400:BACT,2026-06-01T22:15:02,9.99999818623891
2026-06-01T22:30:00,BEND:DMPS:400:BACT,2026-06-01T22:30:02,9.999994181876215
2026-06-01T22:45:00,BEND:DMPS:400:BACT,2026-06-01T22:45:02,10.000002533766462
2026-06-01T23:00:00,BEND:DMPS:400:BACT,2026-06-01T23:00:02,9.999993004860075
2026-06-01T23:15:00,BEND:DMPS:400:BACT,2026-06-01T23:15:02,9.999987834080509
2026-06-01T23:30:00,BEND:DMPS:400:BACT,2026-06-01T23:30:01,9.999995867786025
2026-06-01T23:45:00,BEND:DMPS:400:BACT,2026-06-01T23:45:02,9.999998594983694
2026-06-02T00:15:00,BEND:DMPS:400:BACT,2026-06-02T00:15:02,10.000002935906311
2026-06-02T00:30:00,BEND:DMPS:400:BACT,2026-06-02T00:30:02,9.999993694263823
2026-06-02T00:45:00,BEND:DMPS:400:BACT,2026-06-02T00:45:02,9.999998815710622
2026-06-02T01:00:00,BEND:DMPS:400:BACT,2026-06-02T01:00:02,10.00000314561436
2026-06-02T01:15:00,BEND:DMPS:400:BACT,2026-06-02T01:15:02,10.000000966043174
2026-06-02T01:30:00,BEND:DMPS:400:BACT,2026-06-02T01:30:02,9.99999370926082
2026-06-02T01:45:00,BEND:DMPS:400:BACT,2026-06-02T01:45:01,9.999998849613135
2026-06-02T02:00:00,BEND:DMPS:400:BACT,2026-06-02T02:00:02,10.000009916229072
2026-06-02T02:15:00,BEND:DMPS:400:BACT,2026-06-02T02:15:02,10.000005718395943
2026-06-02T02:30:00,BEND:DMPS:400:BACT,2026-06-02T02:30:02,9.99999414836496
2026-06-02T02:45:00,BEND:DMPS:400:BACT,2026-06-02T02:45:02,10.000007916532097
2026-06-02T03:00:00,BEND:DMPS:400:BACT,2026-06-02T03:00:02,10.000000549537289
2026-06-02T03:15:00,BEND:DMPS:400:BACT,2026-06-02T03:15:02,10.00000014097352
2026-06-02T03:30:00,BEND:DMPS:400:BACT,2026-06-02T03:30:02,9.99999753563795
2026-06-02T03:45:00,BEND:DMPS:400:BACT,2026-06-02T03:45:02,9.999998066386478
2026-06-02T04:15:00,BEND:DMPS:400:BACT,2026-06-02T04:15:02,10.00000497275365
2026-06-02T04:30:00,BEND:DMPS:400:BACT,2026-06-02T04:30:02,9.999993290013654
2026-06-02T04:45:00,BEND:DMPS:400:BACT,2026-06-02T04:45:02,10.00000795414273
2026-06-02T05:00:00,BEND:DMPS:400:BACT,2026-06-02T05:00:02,10.000003711466519
2026-06-02T05:15:00,BEND:DMPS:400:BACT,2026-06-02T05:15:02,9.999993492079534
2026-06-02T05:30:00,BEND:DMPS:400:BACT,2026-06-02T05:30:02,10.000006489609769
2026-06-02T05:45:00,BEND:DMPS:400:BACT,2026-06-02T05:45:02,9.999995411938608
2026-06-02T06:00:00,BEND:DMPS:400:BACT,2026-06-02T06:00:02,9.999998705336754
2026-06-02T06:15:00,BEND:DMPS:400:BACT,2026-06-02T06:15:01,10.000001880952818
2026-06-02T06:30:00,BEND:DMPS:400:BACT,2026-06-02T06:30:02,10.000000361307153
2026-06-02T06:45:00,BEND:DMPS:400:BACT,2026-06-02T06:45:02,9.999984529533108
2026-06-02T07:00:00,BEND:DMPS:400:BACT,2026-06-02T07:00:02,10.000002384064313
2026-06-02T07:15:00,BEND:DMPS:400:BACT,2026-06-02T07:15:02,9.999992987837814
2026-06-02T07:30:00,BEND:DMPS:400:BACT,2026-06-02T07:30:00,10.000003072277334
2026-06-02T07:45:00,BEND:DMPS:400:BACT,2026-06-02T07:45:02,9.99999802787012
2026-06-02T08:15:00,BEND:DMPS:400:BACT,2026-06-02T08:15:02,9.999999038157418
2026-06-02T08:30:00,BEND:DMPS:400:BACT,2026-06-02T08:30:01,10.000000957319859
2026-06-02T08:45:00,BEND:DMPS:400:BACT,2026-06-02T08:45:02,9.999982217332045
2026-06-02T09:00:00,BEND:DMPS:400:BACT,2026-06-02T09:00:02,10.000002605724362
2026-06-02T09:15:00,BEND:DMPS:400:BACT,2026-06-02T09:15:02,9.999995837393937
2026-06-02T09:30:00,BEND:DMPS:400:BACT,2026-06-02T09:30:02,9.999994145827163
2026-06-02T09:45:00,BEND:DMPS:400:BACT,2026-06-02T09:45:02,9.999994384534284
2026-06-02T10:00:00,BEND:DMPS:400:BACT,2026-06-02T10:00:02,10.000000066352419
2026-06-02T10:15:00,BEND:DMPS:400:BACT,2026-06-02T10:15:02,9.99999598000301
2026-06-02T10:30:00,BEND:DMPS:400:BACT,2026-06-02T10:30:02,10.000006552449205
2026-06-02T10:45:00,BEND:DMPS:400:BACT,2026-06-02T10:45:01,9.999992513966486
2026-06-02T11:00:00,BEND:DMPS:400:BACT,2026-06-02T11:00:02,9.999989432294608
2026-06-02T11:15:00,BEND:DMPS:400:BACT,2026-06-02T11:15:01,10.00000648412853
2026-06-02T11:30:00,BEND:DMPS:400:BACT,2026-06-02T11:30:02,9.999993160622559
2026-06-02T11:45:00,BEND:DMPS:400:BACT,2026-06-02T11:45:02,10.000006063684793
2026-06-02T12:15:00,BEND:DMPS:400:BACT,2026-06-02T12:15:02,9.999998699127149
2026-06-02T12:30:00,BEND:DMPS:400:BACT,2026-06-02T12:30:02,9.999998028943718
2026-06-02T12:45:00,BEND:DMPS:400:BACT,2026-06-02T12:45:02,9.99998480897513
2026-06-02T13:00:00,BEND:DMPS:400:BACT,2026-06-02T13:00:02,10.000004094344385
2026-06-02T13:15:00,BEND:DMPS:400:BACT,2026-06-02T13:15:02,10.000003684548254
2026-06-02T13:30:00,BEND:DMPS:400:BACT,2026-06-02T13:30:01,10.000000372206836
2026-06-02T13:45:00,BEND:DMPS:400:BACT,2026-06-02T13:45:02,9.999998547187783
2026-06-02T14:00:00,BEND:DMPS:400:BACT,2026-06-02T14:00:01,10.000001067814269
2026-06-02T14:15:00,BEND:DMPS:400:BACT,2026-06-02T14:15:02,9.999992553545399
2026-06-02T14:30:00,BEND:DMPS:400:BACT,2026-06-02T14:30:01,9.999998579266869
2026-06-02T14:45:00,BEND:DMPS:400:BACT,2026-06-02T14:45:02,10.000004475715567
2026-06-02T15:00:00,BEND:DMPS:400:BACT,2026-06-02T15:00:01,10.000000349756954
2026-06-02T15:15:00,BEND:DMPS:400:BACT,2026-06-02T15:15:02,10.000006431352743
2026-06-02T15:30:00,BEND:DMPS:400:BACT,2026-06-02T15:30:01,9.999993673183283
2026-06-02T15:45:00,BEND:DMPS:400:BACT,2026-06-02T15:45:02,9.99999282744568
2026-06-02T16:15:00,BEND:DMPS:400:BACT,2026-06-02T16:15:02,10.000002474000624
2026-06-02T16:30:00,BEND:DMPS:400:BACT,2026-06-02T16:30:00,9.999995153928294
2026-06-02T16:45:00,BEND:DMPS:400:BACT,2026-06-02T16:45:02,9.999987317564043
2026-06-02T17:00:00,BEND:DMPS:400:BACT,2026-06-02T17:00:01,10.00000064010441
2026-06-02T17:15:00,BEND:DMPS:400:BACT,2026-06-02T17:15:02,10.0000037660182
2026-06-02T17:30:00,BEND:DMPS:400:BACT,2026-06-02T17:30:00,9.999994758983696
2026-06-02T17:45:00,BEND:DMPS:400:BACT,2026-06-02T17:45:02,9.999997969455876
2026-06-02T18:00:00,BEND:DMPS:400:BACT,2026-06-02T18:00:02,9.999999024119779
2026-06-02T18:15:00,BEND:DMPS:400:BACT,2026-06-02T18:15:02,9.999996171184991
2026-06-02T18:30:00,BEND:DMPS:400:BACT,2026-06-02T18:30:01,10.000003068529713
2026-06-02T18:45:00,BEND:DMPS:400:BACT,2026-06-02T18:45:02,10.000001187852504
2026-06-02T19:00:00,BEND:DMPS:400:BACT,2026-06-02T19:00:02,9.99999527825492
2026-06-02T19:15:00,BEND:DMPS:400:BACT,2026-06-02T19:15:02,10.000001805068507
2026-06-02T19:30:00,BEND:DMPS:400:BACT,2026-06-02T19:30:02,10.00000191504001
2026-06-02T19:45:00,BEND:DMPS:400:BACT,2026-06-02T19:45:02,9.999987982300027
2026-06-02T20:15:00,BEND:DMPS:400:BACT,2026-06-02T20:15:02,9.999994849355113
2026-06-02T20:30:00,BEND:DMPS:400:BACT,2026-06-02T20:30:02,9.999996517283153
2026-06-02T20:45:00,BEND:DMPS:400:BACT,2026-06-02T20:45:02,10.00000154501606
2026-06-02T21:00:00,BEND:DMPS:400:BACT,2026-06-02T21:00:02,9.999999789454964
2026-06-02T21:15:00,BEND:DMPS:400:BACT,2026-06-02T21:15:02,10.000002590738056
2026-06-02T21:30:00,BEND:DMPS:400:BACT,2026-06-02T21:30:02,9.99999341019428
2026-06-02T21:45:00,BEND:DMPS:400:BACT,2026-06-02T21:45:02,9.99999836491489
2026-06-02T22:00:00,BEND:DMPS:400:BACT,2026-06-02T22:00:02,9.999994067955505
2026-06-02T22:15:00,BEND:DMPS:400:BACT,2026-06-02T22:15:02,9.999991558799127
2026-06-02T22:30:00,BEND:DMPS:400:BACT,2026-06-02T22:30:02,9.999999060703061
2026-06-02T22:45:00,BEND:DMPS:400:BACT,2026-06-02T22:45:02,10.000003241680933
2026-06-02T23:00:00,BEND:DMPS:400:BACT,2026-06-02T23:00:02,9.99999759254737
2026-06-02T23:15:00,BEND:DMPS:400:BACT,2026-06-02T23:15:02,10.000000791727967
2026-06-02T23:30:00,BEND:DMPS:400:BACT,2026-06-02T23:30:02,9.999997432819011
2026-06-02T23:45:00,BEND:DMPS:400:BACT,2026-06-02T23:45:02,9.999987044926709
2026-06-03T00:15:00,BEND:DMPS:400:BACT,2026-06-03T00:15:02,10.000003603728079
2026-06-03T00:30:00,BEND:DMPS:400:BACT,2026-06-03T00:30:02,9.999998050124734
2026-06-03T00:45:00,BEND:DMPS:400:BACT,2026-06-03T00:45:02,10.000010316744943
2026-06-03T01:00:00,BEND:DMPS:400:BACT,2026-06-03T01:00:02,10.000004689053526
2026-06-03T01:15:00,BEND:DMPS:400:BACT,2026-06-03T01:15:02,9.999996810221887
2026-06-03T01:30:00,BEND:DMPS:400:BACT,2026-06-03T01:30:02,10.000002117825208
2026-06-03T01:45:00,BEND:DMPS:400:BACT,2026-06-03T01:45:02,9.999999878833794
2026-06-03T02:00:00,BEND:DMPS:400:BACT,2026-06-03T02:00:02,9.999993764555978
2026-06-03T02:15:00,BEND:DMPS:400:BACT,2026-06-03T02:15:02,10.00000510046554
2026-06-03T02:30:00,BEND:DMPS:400:BACT,2026-06-03T02:30:02,10.000008831148783
2026-06-03T02:45:00,BEND:DMPS:400:BACT,2026-06-03T02:45:02,9.999998247684765
2026-06-03T03:00:00,BEND:DMPS:400:BACT,2026-06-03T03:00:02,10.000000770242533
2026-06-03T03:15:00,BEND:DMPS:400:BACT,2026-06-03T03:15:02,9.999997036889496
2026-06-03T03:30:00,BEND:DMPS:400:BACT,2026-06-03T03:30:02,9.999997556322775
2026-06-03T03:45:00,BEND:DMPS:400:BACT,2026-06-03T03:45:02,9.999998534916683
2026-06-03T04:15:00,BEND:DMPS:400:BACT,2026-06-03T04:15:02,10.000002212290704
2026-06-03T04:30:00,BEND:DMPS:400:BACT,2026-06-03T04:30:02,9.999995727967741
2026-06-03T04:45:00,BEND:DMPS:400:BACT,2026-06-03T04:45:02,9.999994562474743
2026-06-03T05:00:00,BEND:DMPS:400:BACT,2026-06-03T05:00:02,9.99999361187641
2026-06-03T05:15:00,BEND:DMPS:400:BACT,2026-06-03T05:15:02,9.999997158626215
2026-06-03T05:30:00,BEND:DMPS:400:BACT,2026-06-03T05:30:02,10.000003134694586
2026-06-03T05:45:00,BEND:DMPS:400:BACT,2026-06-03T05:45:02,10.000007321824548
2026-06-03T06:00:00,BEND:DMPS:400:BACT,2026-06-03T06:00:02,9.999998914482104
2026-06-03T06:15:00,BEND:DMPS:400:BACT,2026-06-03T06:15:02,10.000004689194306
2026-06-03T06:30:00,BEND:DMPS:400:BACT,2026-06-03T06:30:02,9.99999024315193
2026-06-03T06:45:00,BEND:DMPS:400:BACT,2026-06-03T06:45:02,9.999996412493115
2026-06-03T07:00:00,BEND:DMPS:400:BACT,2026-06-03T07:00:02,9.999998964072068
2026-06-03T07:15:00,BEND:DMPS:400:BACT,2026-06-03T07:15:02,10.000002844544376
2026-06-03T07:30:00,BEND:DMPS:400:BACT,2026-06-03T07:30:02,9.999998102103518
2026-06-03T07:45:00,BEND:DMPS:400:BACT,2026-06-03T07:45:02,9.999988180904866
2026-06-03T08:15:00,BEND:DMPS:400:BACT,2026-06-03T08:15:02,10.000002329716153
2026-06-03T08:30:00,BEND:DMPS:400:BACT,2026-06-03T08:30:02,9.999997382388067
2026-06-03T08:45:00,BEND:DMPS:400:BACT,2026-06-03T08:45:01,10.000001099275758
2026-06-03T09:00:00,BEND:DMPS:400:BACT,2026-06-03T09:00:02,9.99999875065773
2026-06-03T09:15:00,BEND:DMPS:400:BACT,2026-06-03T09:15:02,9.999994990206597
2026-06-03T09:30:00,BEND:DMPS:400:BACT,2026-06-03T09:30:02,9.999994738379291
2026-06-03T09:45:00,BEND:DMPS:400:BACT,2026-06-03T09:45:02,10.000002176670945
2026-06-03T10:00:00,BEND:DMPS:400:BACT,2026-06-03T10:00:02,10.000006382727197
2026-06-03T10:15:00,BEND:DMPS:400:BACT,2026-06-03T10:15:02,9.999987044340466
2026-06-03T10:30:00,BEND:DMPS:400:BACT,2026-06-03T10:30:01,10.000001259069993
2026-06-03T10:45:00,BEND:DMPS:400:BACT,2026-06-03T10:45:02,9.999999529807369
2026-06-03T11:00:00,BEND:DMPS:400:BACT,2026-06-03T11:00:01,9.999994874789676
2026-06-03T11:15:00,BEND:DMPS:400:BACT,2026-06-03T11:15:02,9.999998464499322
2026-06-03T11:30:00,BEND:DMPS:400:BACT,2026-06-03T11:30:01,10.000002866916777
2026-06-03T11:45:00,BEND:DMPS:400:BACT,2026-06-03T11:45:02,9.999992438145751
2026-06-03T12:15:00,BEND:DMPS:400:BACT,2026-06-03T12:15:02,10.000007083806844
2026-06-03T12:30:00,BEND:DMPS:400:BACT,2026-06-03T12:30:01,9.999990500770796
2026-06-03T12:45:00,BEND:DMPS:400:BACT,2026-06-03T12:45:02,9.999998089730084
2026-06-03T13:00:00,BEND:DMPS:400:BACT,2026-06-03T13:00:01,9.999988203870739
2026-06-03T13:15:00,BEND:DMPS:400:BACT,2026-06-03T13:15:02,9.999997336322707
2026-06-03T13:30:00,BEND:DMPS:400:BACT,2026-06-03T13:30:00,9.999992983714963
2026-06-03T13:45:00,BEND:DMPS:400:BACT,2026-06-03T13:45:02,9.999999466369156
2026-06-03T14:00:00,BEND:DMPS:400:BACT,2026-06-03T14:00:01,10.000000373732977
2026-06-03T14:15:00,BEND:DMPS:400:BACT,2026-06-03T14:15:02,9.999994596915547
2026-06-03T14:30:00,BEND:DMPS:400:BACT,2026-06-03T14:30:02,10.000012344565958
2026-06-03T14:45:00,BEND:DMPS:400:BACT,2026-06-03T14:45:02,9.999997471575538
2026-06-03T15:00:00,BEND:DMPS:400:BACT,2026-06-03T15:00:02,9.999989763132634
2026-06-03T15:15:00,BEND:DMPS:400:BACT,2026-06-03T15:15:02,10.000000760779141
2026-06-03T15:30:00,BEND:DMPS:400:BACT,2026-06-03T15:30:02,10.000001261300781
2026-06-03T15:45:00,BEND:DMPS:400:BACT,2026-06-03T15:45:02,9.999996110316358
2026-06-03T16:15:00,BEND:DMPS:400:BACT,2026-06-03T16:15:02,9.99999284568508
2026-06-03T16:30:00,BEND:DMPS:400:BACT,2026-06-03T16:30:02,9.999996191399703
2026-06-03T16:45:00,BEND:DMPS:400:BACT,2026-06-03T16:45:02,10.00000355747044
2026-06-03T17:00:00,BEND:DMPS:400:BACT,2026-06-03T17:00:02,10.000006674021598
2026-06-03T17:15:00,BEND:DMPS:400:BACT,2026-06-03T17:15:02,9.999992109251439
2026-06-03T17:30:00,BEND:DMPS:400:BACT,2026-06-03T17:30:02,9.999996846341116
2026-06-03T17:45:00,BEND:DMPS:400:BACT,2026-06-03T17:45:02,10.000004617246933
2026-06-03T18:00:00,BEND:DMPS:400:BACT,2026-06-03T18:00:02,9.99999434376152
2026-06-03T18:15:00,BEND:DMPS:400:BACT,2026-06-03T18:15:02,9.999999353589763
2026-06-03T18:30:00,BEND:DMPS:400:BACT,2026-06-03T18:30:02,9.999999243168029
2026-06-03T18:45:00,BEND:DMPS:400:BACT,2026-06-03T18:45:02,9.99999549140729
2026-06-03T19:00:00,BEND:DMPS:400:BACT,2026-06-03T19:00:02,10.000002256041089
2026-06-03T19:15:00,BEND:DMPS:400:BACT,2026-06-03T19:15:02,10.000007841156446
2026-06-03T19:30:00,BEND:DMPS:400:BACT,2026-06-03T19:30:02,10.000002585310567
2026-06-03T19:45:00,BEND:DMPS:400:BACT,2026-06-03T19:45:01,9.999996524525471
2026-06-03T20:15:00,BEND:DMPS:400:BACT,2026-06-03T20:15:01,9.999994015377052
2026-06-03T20:30:00,BEND:DMPS:400:BACT,2026-06-03T20:30:02,9.999996980633755
2026-06-03T20:45:00,BEND:DMPS:400:BACT,2026-06-03T20:45:01,10.000001204345253
2026-06-03T21:00:00,BEND:DMPS:400:BACT,2026-06-03T21:00:02,9.999993883122015
2026-06-03T21:15:00,BEND:DMPS:400:BACT,2026-06-03T21:15:01,9.999995519691586
2026-06-03T21:30:00,BEND:DMPS:400:BACT,2026-06-03T21:30:02,10.00000254973067
2026-06-03T21:45:00,BEND:DMPS:400:BACT,2026-06-03T21:45:02,9.999992720459614
2026-06-03T22:00:00,BEND:DMPS:400:BACT,2026-06-03T22:00:02,10.000003053831014
2026-06-03T22:15:00,BEND:DMPS:400:BACT,2026-06-03T22:15:02,10.00000349761598
2026-06-03T22:30:00,BEND:DMPS:400:BACT,2026-06-03T22:30:02,9.999996022768475
2026-06-03T22:45:00,BEND:DMPS:400:BACT,2026-06-03T22:45:02,9.999990414850991
2026-06-03T23:00:00,BEND:DMPS:400:BACT,2026-06-03T23:00:02,10.000004217752481
2026-06-03T23:15:00,BEND:DMPS:400:BACT,2026-06-03T23:15:02,9.999994370156159
2026-06-03T23:30:00,BEND:DMPS:400:BACT,2026-06-03T23:30:02,10.000002971521296
2026-06-03T23:45:00,BEND:DMPS:400:BACT,2026-06-03T23:45:02,10.000001945880205
2026-06-04T00:15:00,BEND:DMPS:400:BACT,2026-06-04T00:15:02,9.999986991786573
2026-06-04T00:30:00,BEND:DMPS:400:BACT,2026-06-04T00:30:02,10.000001822043785
2026-06-04T00:45:00,BEND:DMPS:400:BACT,2026-06-04T00:45:02,9.999997419124226
2026-06-04T01:00:00,BEND:DMPS:400:BACT,2026-06-04T01:00:02,10.000002792696545
2026-06-04T01:15:00,BEND:DMPS:400:BACT,2026-06-04T01:15:01,9.999999148598478
2026-06-04T01:30:00,BEND:DMPS:400:BACT,2026-06-04T01:30:02,9.999996117839034
2026-06-04T01:45:00,BEND:DMPS:400:BACT,2026-06-04T01:45:02,9.999996991250251
2026-06-04T02:00:00,BEND:DMPS:400:BACT,2026-06-04T02:00:00,10.000001021793961
2026-06-04T02:15:00,BEND:DMPS:400:BACT,2026-06-04T02:15:02,9.999990110274346
2026-06-04T02:30:00,BEND:DMPS:400:BACT,2026-06-04T02:30:01,9.999999086638846
2026-06-04T02:45:00,BEND:DMPS:400:BACT,2026-06-04T02:45:02,10.000012608248024
2026-06-04T03:00:00,BEND:DMPS:400:BACT,2026-06-04T03:00:01,9.999991705396614
2026-06-04T03:15:00,BEND:DMPS:400:BACT,2026-06-04T03:15:02,10.000005635164362
2026-06-04T03:30:00,BEND:DMPS:400:BACT,2026-06-04T03:30:01,9.999998899496358
2026-06-04T03:45:00,BEND:DMPS:400:BACT,2026-06-04T03:45:02,9.99999729501078
2026-06-04T04:15:00,BEND:DMPS:400:BACT,2026-06-04T04:15:02,10.000002058578907
2026-06-04T04:30:00,BEND:DMPS:400:BACT,2026-06-04T04:30:02,10.000000669658414
2026-06-04T04:45:00,BEND:DMPS:400:BACT,2026-06-04T04:45:02,10.000010009575737
2026-06-04T05:00:00,BEND:DMPS:400:BACT,2026-06-04T05:00:02,10.000004722450841
2026-06-04T05:15:00,BEND:DMPS:400:BACT,2026-06-04T05:15:02,9.999996329255362
2026-06-04T05:30:00,BEND:DMPS:400:BACT,2026-06-04T05:30:02,10.00000048857895
2026-06-04T05:45:00,BEND:DMPS:400:BACT,2026-06-04T05:45:02,10.000005291850377
2026-06-04T06:00:00,BEND:DMPS:400:BACT,2026-06-04T06:00:02,9.999997968413341
2026-06-04T06:15:00,BEND:DMPS:400:BACT,2026-06-04T06:15:02,10.000005461262205
2026-06-04T06:30:00,BEND:DMPS:400:BACT,2026-06-04T06:30:02,10.000000318605423
2026-06-04T06:45:00,BEND:DMPS:400:BACT,2026-06-04T06:45:02,9.99998964717146
2026-06-04T07:00:00,BEND:DMPS:400:BACT,2026-06-04T07:00:02,10.000003920623369
2026-06-04T07:15:00,BEND:DMPS:400:BACT,2026-06-04T07:15:01,9.999996392774966
2026-06-04T07:30:00,BEND:DMPS:400:BACT,2026-06-04T07:30:02,9.99999707119069
2026-06-04T07:45:00,BEND:DMPS:400:BACT,2026-06-04T07:45:01,9.999994627835934
2026-06-04T08:15:00,BEND:DMPS:400:BACT,2026-06-04T08:15:01,9.999990656504199
2026-06-04T08:30:00,BEND:DMPS:400:BACT,2026-06-04T08:30:02,10.00000334323447
2026-06-04T08:45:00,BEND:DMPS:400:BACT,2026-06-04T08:45:02,9.999996556760316
2026-06-04T09:00:00,BEND:DMPS:400:BACT,2026-06-04T09:00:02,10.000003148979626
2026-06-04T09:15:00,BEND:DMPS:400:BACT,2026-06-04T09:15:02,10.000003488403072
2026-06-04T09:30:00,BEND:DMPS:400:BACT,2026-06-04T09:30:02,9.999999287841062
2026-06-04T09:45:00,BEND:DMPS:400:BACT,2026-06-04T09:45:02,10.000003242347846
2026-06-04T10:00:00,BEND:DMPS:400:BACT,2026-06-04T10:00:01,10.000004692791162
2026-06-04T10:15:00,BEND:DMPS:400:BACT,2026-06-04T10:15:02,9.999998839796989
2026-06-04T10:30:00,BEND:DMPS:400:BACT,2026-06-04T10:30:02,9.999993092069833
2026-06-04T10:45:00,BEND:DMPS:400:BACT,2026-06-04T10:45:02,10.000001403112416
2026-06-04T11:00:00,BEND:DMPS:400:BACT,2026-06-04T11:00:02,10.000006973876122
2026-06-04T11:15:00,BEND:DMPS:400:BACT,2026-06-04T11:15:02,9.999993990378574
2026-06-04T11:30:00,BEND:DMPS:400:BACT,2026-06-04T11:30:02,10.000002108709548
2026-06-04T11:45:00,BEND:DMPS:400:BACT,2026-06-04T11:45:02,9.999991319453699
2026-06-04T12:15:00,BEND:DMPS:400:BACT,2026-06-04T12:15:02,9.999986602959781
2026-06-04T12:30:00,BEND:DMPS:400:BACT,2026-06-04T12:30:01,9.999997925371463
2026-06-04T12:45:00,BEND:DMPS:400:BACT,2026-06-04T12:45:02,9.999989858827835
2026-06-04T13:00:00,BEND:DMPS:400:BACT,2026-06-04T13:00:01,10.000001445111785
2026-06-04T13:15:00,BEND:DMPS:400:BACT,2026-06-04T13:15:02,10.000000192445064
2026-06-04T13:30:00,BEND:DMPS:400:BACT,2026-06-04T13:30:01,9.99999665369238
2026-06-04T13:45:00,BEND:DMPS:400:BACT,2026-06-04T13:45:02,9.999992775495794
2026-06-04T14:00:00,BEND:DMPS:400:BACT,2026-06-04T14:00:02,9.999990308451482
2026-06-04T14:15:00,BEND:DMPS:400:BACT,2026-06-04T14:15:02,9.999993937070805
2026-06-04T14:30:00,BEND:DMPS:400:BACT,2026-06-04T14:30:02,9.999997028456946
2026-06-04T14:45:00,BEND:DMPS:400:BACT,2026-06-04T14:45:02,10.000000228372404
2026-06-04T15:00:00,BEND:DMPS:400:BACT,2026-06-04T15:00:02,9.99999378252795
2026-06-04T15:15:00,BEND:DMPS:400:BACT,2026-06-04T15:15:02,10.000002466402368
2026-06-04T15:30:00,BEND:DMPS:400:BACT,2026-06-04T15:30:02,9.999998549419692
2026-06-04T15:45:00,BEND:DMPS:400:BACT,2026-06-04T15:45:02,9.99999414198343
2026-06-04T16:15:00,BEND:DMPS:400:BACT,2026-06-04T16:15:02,9.99999835422598
2026-06-04T16:30:00,BEND:DMPS:400:BACT,2026-06-04T16:30:02,9.999998398712902
2026-06-04T16:45:00,BEND:DMPS:400:BACT,2026-06-04T16:45:02,10.000001235640976
2026-06-04T17:00:00,BEND:DMPS:400:BACT,2026-06-04T17:00:02,10.00000632881564
2026-06-04T17:15:00,BEND:DMPS:400:BACT,2026-06-04T17:15:01,9.999990155822404
2026-06-04T17:30:00,BEND:DMPS:400:BACT,2026-06-04T17:30:02,10.000002439036093
2026-06-04T17:45:00,BEND:DMPS:400:BACT,2026-06-04T17:45:01,9.999988118926295
2026-06-04T18:00:00,BEND:DMPS:400:BACT,2026-06-04T18:00:02,9.999990251453893
2026-06-04T18:15:00,BEND:DMPS:400:BACT,2026-06-04T18:15:01,10.00000065181911
2026-06-04T18:30:00,BEND:DMPS:400:BACT,2026-06-04T18:30:02,9.999994178730386
2026-06-04T18:45:00,BEND:DMPS:400:BACT,2026-06-04T18:45:02,9.99999615057508
2026-06-04T19:00:00,BEND:DMPS:400:BACT,2026-06-04T19:00:02,10.000004093530054
2026-06-04T19:15:00,BEND:DMPS:400:BACT,2026-06-04T19:15:02,10.00000346407254
2026-06-04T19:30:00,BEND:DMPS:400:BACT,2026-06-04T19:30:02,9.99999637324676
2026-06-04T19:45:00,BEND:DMPS:400:BACT,2026-06-04T19:45:02,10.000002194826402
2026-06-04T20:15:00,BEND:DMPS:400:BACT,2026-06-04T20:15:02,10.000002282871376
2026-06-04T20:30:00,BEND:DMPS:400:BACT,2026-06-04T20:30:02,9.99999840858241
2026-06-04T20:45:00,BEND:DMPS:400:BACT,2026-06-04T20:45:02,9.999994792054617
2026-06-04T21:00:00,BEND:DMPS:400:BACT,2026-06-04T21:00:02,10.00000789282508
2026-06-04T21:15:00,BEND:DMPS:400:BACT,2026-06-04T21:15:02,10.000001021497352
2026-06-04T21:30:00,BEND:DMPS:400:BACT,2026-06-04T21:30:02,9.999987591072244
2026-06-04T21:45:00,BEND:DMPS:400:BACT,2026-06-04T21:45:02,10.000010254215963
2026-06-04T22:00:00,BEND:DMPS:400:BACT,2026-06-04T22:00:00,10.00000089748714
2026-06-04T22:15:00,BEND:DMPS:400:BACT,2026-06-04T22:15:02,9.999995116597818
2026-06-04T22:30:00,BEND:DMPS:400:BACT,2026-06-04T22:30:01,10.000001777448244
2026-06-04T22:45:00,BEND:DMPS:400:BACT,2026-06-04T22:45:02,10.000003902997708
2026-06-04T23:00:00,BEND:DMPS:400:BACT,2026-06-04T23:00:01,9.999996732796856
2026-06-04T23:15:00,BEND:DMPS:400:BACT,2026-06-04T23:15:02,10.000005011645225
2026-06-04T23:30:00,BEND:DMPS:400:BACT,2026-06-04T23:30:01,10.000001226529479
2026-06-04T23:45:00,BEND:DMPS:400:BACT,2026-06-04T23:45:02,9.999992821194418
2026-06-05T00:15:00,BEND:DMPS:400:BACT,2026-06-05T00:15:02,10.000007755325814
2026-06-05T00:30:00,BEND:DMPS:400:BACT,2026-06-05T00:30:01,9.999990720585833
2026-06-05T00:45:00,BEND:DMPS:400:BACT,2026-06-05T00:45:02,9.999993088087084
2026-06-05T01:00:00,BEND:DMPS:400:BACT,2026-06-05T01:00:02,9.999999589646128
2026-06-05T01:15:00,BEND:DMPS:400:BACT,2026-06-05T01:15:01,9.999993508666098
2026-06-05T01:30:00,BEND:DMPS:400:BACT,2026-06-05T01:30:02,9.999996343316031
2026-06-05T01:45:00,BEND:DMPS:400:BACT,2026-06-05T01:45:01,10.000000081517172
2026-06-05T02:00:00,BEND:DMPS:400:BACT,2026-06-05T02:00:02,9.99998995861255
2026-06-05T02:15:00,BEND:DMPS:400:BACT,2026-06-05T02:15:02,9.999994003283037
2026-06-05T02:30:00,BEND:DMPS:400:BACT,2026-06-05T02:30:02,10.000005932474979
2026-06-05T02:45:00,BEND:DMPS:400:BACT,2026-06-05T02:45:02,9.999996472382009
2026-06-05T03:00:00,BEND:DMPS:400:BACT,2026-06-05T03:00:02,9.99999017560908
2026-06-05T03:15:00,BEND:DMPS:400:BACT,2026-06-05T03:15:02,10.000004565438143
2026-06-05T03:30:00,BEND:DMPS:400:BACT,2026-06-05T03:30:02,9.999994721914339
2026-06-05T03:45:00,BEND:DMPS:400:BACT,2026-06-05T03:45:02,10.000002562085202
2026-06-05T04:15:00,BEND:DMPS:400:BACT,2026-06-05T04:15:02,10.000000186753782
2026-06-05T04:30:00,BEND:DMPS:400:BACT,2026-06-05T04:30:02,9.999986057869696
2026-06-05T04:45:00,BEND:DMPS:400:BACT,2026-06-05T04:45:02,10.000001806300366
2026-06-05T05:00:00,BEND:DMPS:400:BACT,2026-06-05T05:00:02,10.00000416018969
2026-06-05T05:15:00,BEND:DMPS:400:BACT,2026-06-05T05:15:02,9.999995759015457
2026-06-05T05:30:00,BEND:DMPS:400:BACT,2026-06-05T05:30:02,9.99999821840654
2026-06-05T05:45:00,BEND:DMPS:400:BACT,2026-06-05T05:45:01,10.000006171185037
2026-06-05T06:00:00,BEND:DMPS:400:BACT,2026-06-05T06:00:02,9.999993587012648
2026-06-05T06:15:00,BEND:DMPS:400:BACT,2026-06-05T06:15:01,9.999995542692988
2026-06-05T06:30:00,BEND:DMPS:400:BACT,2026-06-05T06:30:02,10.00000098031063
2026-06-05T06:45:00,BEND:DMPS:400:BACT,2026-06-05T06:45:01,9.999988268342948
2026-06-05T07:00:00,BEND:DMPS:400:BACT,2026-06-05T07:00:02,10.000009008471038
2026-06-05T07:15:00,BEND:DMPS:400:BACT,2026-06-05T07:15:01,10.000001025629937
2026-06-05T07:30:00,BEND:DMPS:400:BACT,2026-06-05T07:30:02,9.999994512074435
2026-06-05T07:45:00,BEND:DMPS:400:BACT,2026-06-05T07:45:02,10.00000572645335
2026-06-05T08:15:00,BEND:DMPS:400:BACT,2026-06-05T08:15:02,10.00000131244467
2026-06-05T08:30:00,BEND:DMPS:400:BACT,2026-06-05T08:30:02,10.000006708629265
2026-06-05T08:45:00,BEND:DMPS:400:BACT,2026-06-05T08:45:02,9.999989341077102
2026-06-05T09:00:00,BEND:DMPS:400:BACT,2026-06-05T09:00:02,9.99998177181696
2026-06-05T09:15:00,BEND:DMPS:400:BACT,2026-06-05T09:15:02,10.000001067736806
2026-06-05T09:30:00,BEND:DMPS:400:BACT,2026-06-05T09:30:02,9.999997062526695
2026-06-05T09:45:00,BEND:DMPS:400:BACT,2026-06-05T09:45:02,9.999998390453113
2026-06-05T10:00:00,BEND:DMPS:400:BACT,2026-06-05T10:00:02,9.999996224768765
2026-06-05T10:15:00,BEND:DMPS:400:BACT,2026-06-05T10:15:02,9.999991500923125
2026-06-05T10:30:00,BEND:DMPS:400:BACT,2026-06-05T10:30:01,10.000006273969133
2026-06-05T10:45:00,BEND:DMPS:400:BACT,2026-06-05T10:45:02,10.000008198972408
2026-06-05T11:00:00,BEND:DMPS:400:BACT,2026-06-05T11:00:01,9.999998933307378
2026-06-05T11:15:00,BEND:DMPS:400:BACT,2026-06-05T11:15:02,9.999999168251275
2026-06-05T11:30:00,BEND:DMPS:400:BACT,2026-06-05T11:30:01,9.999994101274039
2026-06-05T11:45:00,BEND:DMPS:400:BACT,2026-06-05T11:45:02,10.000002309685392
2026-06-05T12:15:00,BEND:DMPS:400:BACT,2026-06-05T12:15:02,9.999999286001275
2026-06-05T12:30:00,BEND:DMPS:400:BACT,2026-06-05T12:30:02,9.999995014430896
2026-06-05T12:45:00,BEND:DMPS:400:BACT,2026-06-05T12:45:02,9.999999450863422
2026-06-05T13:00:00,BEND:DMPS:400:BACT,2026-06-05T13:00:02,10.000008961862697
2026-06-05T13:15:00,BEND:DMPS:400:BACT,2026-06-05T13:15:02,10.000002203859578
2026-06-05T13:30:00,BEND:DMPS:400:BACT,2026-06-05T13:30:02,10.000004608401602
2026-06-05T13:45:00,BEND:DMPS:400:BACT,2026-06-05T13:45:02,9.99999851629962
2026-06-05T14:00:00,BEND:DMPS:400:BACT,2026-06-05T14:00:02,9.999998361367727
2026-06-05T14:15:00,BEND:DMPS:400:BACT,2026-06-05T14:15:02,10.000000677467083
2026-06-05T14:30:00,BEND:DMPS:400:BACT,2026-06-05T14:30:02,10.000006792043267
2026-06-05T14:45:00,BEND:DMPS:400:BACT,2026-06-05T14:45:02,9.99999015216422
2026-06-05T15:00:00,BEND:DMPS:400:BACT,2026-06-05T15:00:02,9.999994004469352
2026-06-05T15:15:00,BEND:DMPS:400:BACT,2026-06-05T15:15:02,10.000002364750351
2026-06-05T15:30:00,BEND:DMPS:400:BACT,2026-06-05T15:30:02,9.999994416996119
2026-06-05T15:45:00,BEND:DMPS:400:BACT,2026-06-05T15:45:02,10.000003400477034
2026-06-05T16:15:00,BEND:DMPS:400:BACT,2026-06-05T16:15:02,10.000001670732084
2026-06-05T16:30:00,BEND:DMPS:400:BACT,2026-06-05T16:30:02,9.99999494896615
2026-06-05T16:45:00,BEND:DMPS:400:BACT,2026-06-05T16:45:00,10.000000710474831
2026-06-05T17:00:00,BEND:DMPS:400:BACT,2026-06-05T17:00:02,10.000009922406461
2026-06-05T17:15:00,BEND:DMPS:400:BACT,2026-06-05T17:15:02,9.999997915617909
2026-06-05T17:30:00,BEND:DMPS:400:BACT,2026-06-05T17:30:02,9.999999398268889
2026-06-05T17:45:00,BEND:DMPS:400:BACT,2026-06-05T17:45:00,10.000001751619127
2026-06-05T18:00:00,BEND:DMPS:400:BACT,2026-06-05T18:00:02,9.999993842610849
2026-06-05T18:15:00,BEND:DMPS:400:BACT,2026-06-05T18:15:02,10.000003792230151
2026-06-05T18:30:00,BEND:DMPS:400:BACT,2026-06-05T18:30:02,10.000002508606046
2026-06-05T18:45:00,BEND:DMPS:400:BACT,2026-06-05T18:45:02,10.000001146394954
2026-06-05T19:00:00,BEND:DMPS:400:BACT,2026-06-05T19:00:02,9.99998934556249
2026-06-05T19:15:00,BEND:DMPS:400:BACT,2026-06-05T19:15:02,9.999997115308826
2026-06-05T19:30:00,BEND:DMPS:400:BACT,2026-06-05T19:30:02,10.000002806713145
2026-06-05T19:45:00,BEND:DMPS:400:BACT,2026-06-05T19:45:02,9.99999877574642
2026-06-05T20:15:00,BEND:DMPS:400:BACT,2026-06-05T20:15:02,9.999997106325885
2026-06-05T20:30:00,BEND:DMPS:400:BACT,2026-06-05T20:30:02,10.000007846898281
2026-06-05T20:45:00,BEND:DMPS:400:BACT,2026-06-05T20:45:02,10.000004196268318
2026-06-05T21:00:00,BEND:DMPS:400:BACT,2026-06-05T21:00:02,9.999994891658057
2026-06-05T21:15:00,BEND:DMPS:400:BACT,2026-06-05T21:15:02,9.999993141550128
2026-06-05T21:30:00,BEND:DMPS:400:BACT,2026-06-05T21:30:02,10.000001453160355
2026-06-05T21:45:00,BEND:DMPS:400:BACT,2026-06-05T21:45:02,10.000000586036668
2026-06-05T22:00:00,BEND:DMPS:400:BACT,2026-06-05T22:00:02,9.999993728965208
2026-06-05T22:15:00,BEND:DMPS:400:BACT,2026-06-05T22:15:02,10.000004769001581
2026-06-05T22:30:00,BEND:DMPS:400:BACT,2026-06-05T22:30:02,9.999997565361227
2026-06-05T22:45:00,BEND:DMPS:400:BACT,2026-06-05T22:45:02,9.999995421708126
2026-06-05T23:00:00,BEND:DMPS:400:BACT,2026-06-05T23:00:02,9.999990445082066
2026-06-05T23:15:00,BEND:DMPS:400:BACT,2026-06-05T23:15:02,10.000004772153266
2026-06-05T23:30:00,BEND:DMPS:400:BACT,2026-06-05T23:30:02,10.000005512962113
2026-06-05T23:45:00,BEND:DMPS:400:BACT,2026-06-05T23:45:02,9.999996598201975
2026-06-06T00:15:00,BEND:DMPS:400:BACT,2026-06-06T00:15:02,9.999995611998209
2026-06-06T00:30:00,BEND:DMPS:400:BACT,2026-06-06T00:30:02,9.9999940149249
2026-06-06T00:45:00,BEND:DMPS:400:BACT,2026-06-06T00:45:02,10.000000021990683
2026-06-06T01:00:00,BEND:DMPS:400:BACT,2026-06-06T01:00:02,10.000007903280762
2026-06-06T01:15:00,BEND:DMPS:400:BACT,2026-06-06T01:15:02,9.999998799003283
2026-06-06T01:30:00,BEND:DMPS:400:BACT,2026-06-06T01:30:02,9.999997601151371
2026-06-06T01:45:00,BEND:DMPS:400:BACT,2026-06-06T01:45:02,10.000005820041874
2026-06-06T02:00:00,BEND:DMPS:400:BACT,2026-06-06T02:00:02,9.999999799735003
2026-06-06T02:15:00,BEND:DMPS:400:BACT,2026-06-06T02:15:02,10.000002634762998
2026-06-06T02:30:00,BEND:DMPS:400:BACT,2026-06-06T02:30:02,10.000005584178872
2026-06-06T02:45:00,BEND:DMPS:400:BACT,2026-06-06T02:45:02,9.999995212920231
2026-06-06T03:00:00,BEND:DMPS:400:BACT,2026-06-06T03:00:02,9.999993808782724
2026-06-06T03:15:00,BEND:DMPS:400:BACT,2026-06-06T03:15:02,10.0000026726953
2026-06-06T03:30:00,BEND:DMPS:400:BACT,2026-06-06T03:30:02,10.000012349247044
2026-06-06T03:45:00,BEND:DMPS:400:BACT,2026-06-06T03:45:02,10.000005206130567
2026-06-06T04:15:00,BEND:DMPS:400:BACT,2026-06-06T04:15:02,10.000000299095186
2026-06-06T04:30:00,BEND:DMPS:400:BACT,2026-06-06T04:30:02,9.999990967556977
2026-06-06T04:45:00,BEND:DMPS:400:BACT,2026-06-06T04:45:02,10.000001682608021
2026-06-06T05:00:00,BEND:DMPS:400:BACT,2026-06-06T05:00:02,9.99999595176076
2026-06-06T05:15:00,BEND:DMPS:400:BACT,2026-06-06T05:15:01,9.999994737591875
2026-06-06T05:30:00,BEND:DMPS:400:BACT,2026-06-06T05:30:02,10.00000118352307
2026-06-06T05:45:00,BEND:DMPS:400:BACT,2026-06-06T05:45:00,9.999996576624763
2026-06-06T06:00:00,BEND:DMPS:400:BACT,2026-06-06T06:00:02,9.99999179259642
2026-06-06T06:15:00,BEND:DMPS:400:BACT,2026-06-06T06:15:01,10.000002498959688
2026-06-06T06:30:00,BEND:DMPS:400:BACT,2026-06-06T06:30:02,9.999995478874524
2026-06-06T06:45:00,BEND:DMPS:400:BACT,2026-06-06T06:45:01,9.99999608659208
2026-06-06T07:00:00,BEND:DMPS:400:BACT,2026-06-06T07:00:02,10.000001936611438
2026-06-06T07:15:00,BEND:DMPS:400:BACT,2026-06-06T07:15:01,10.000000690281945
2026-06-06T07:30:00,BEND:DMPS:400:BACT,2026-06-06T07:30:02,10.000000448505617
2026-06-06T07:45:00,BEND:DMPS:400:BACT,2026-06-06T07:45:02,9.99999646128633
2026-06-06T08:15:00,BEND:DMPS:400:BACT,2026-06-06T08:15:02,9.999993347458869
2026-06-06T08:30:00,BEND:DMPS:400:BACT,2026-06-06T08:30:02,10.000001641117825
2026-06-06T08:45:00,BEND:DMPS:400:BACT,2026-06-06T08:45:02,9.999999792720173
2026-06-06T09:00:00,BEND:DMPS:400:BACT,2026-06-06T09:00:02,9.999989438513113
2026-06-06T09:15:00,BEND:DMPS:400:BACT,2026-06-06T09:15:02,9.999996189861259
2026-06-06T09:30:00,BEND:DMPS:400:BACT,2026-06-06T09:30:02,9.999992888410421
2026-06-06T09:45:00,BEND:DMPS:400:BACT,2026-06-06T09:45:02,9.999989449829098
2026-06-06T10:00:00,BEND:DMPS:400:BACT,2026-06-06T10:00:00,10.000002152762141
2026-06-06T10:15:00,BEND:DMPS:400:BACT,2026-06-06T10:15:01,9.999993208563328
2026-06-06T10:30:00,BEND:DMPS:400:BACT,2026-06-06T10:30:00,10.000007471987342
2026-06-06T10:45:00,BEND:DMPS:400:BACT,2026-06-06T10:45:02,9.999994469102894
2026-06-06T11:00:00,BEND:DMPS:400:BACT,2026-06-06T11:00:01,9.999994720552271
2026-06-06T11:15:00,BEND:DMPS:400:BACT,2026-06-06T11:15:02,9.999990202460738
2026-06-06T11:30:00,BEND:DMPS:400:BACT,2026-06-06T11:30:01,10.000000746014168
2026-06-06T11:45:00,BEND:DMPS:400:BACT,2026-06-06T11:45:02,9.999996785068802
2026-06-06T12:15:00,BEND:DMPS:400:BACT,2026-06-06T12:15:02,10.00000348729484
2026-06-06T12:30:00,BEND:DMPS:400:BACT,2026-06-06T12:30:02,10.000001261259532
2026-06-06T12:45:00,BEND:DMPS:400:BACT,2026-06-06T12:45:02,10.000000888190163
2026-06-06T13:00:00,BEND:DMPS:400:BACT,2026-06-06T13:00:02,10.00000353020075
2026-06-06T13:15:00,BEND:DMPS:400:BACT,2026-06-06T13:15:02,10.000000980184547
2026-06-06T13:30:00,BEND:DMPS:400:BACT,2026-06-06T13:30:02,9.999997011987258
2026-06-06T13:45:00,BEND:DMPS:400:BACT,2026-06-06T13:45:02,9.99999939091287
2026-06-06T14:00:00,BEND:DMPS:400:BACT,2026-06-06T14:00:02,9.999994900948229
2026-06-06T14:15:00,BEND:DMPS:400:BACT,2026-06-06T14:15:02,9.999991667873589
2026-06-06T14:30:00,BEND:DMPS:400:BACT,2026-06-06T14:30:02,10.000002394044694
2026-06-06T14:45:00,BEND:DMPS:400:BACT,2026-06-06T14:45:02,10.00000103041136
2026-06-06T15:00:00,BEND:DMPS:400:BACT,2026-06-06T15:00:02,9.99999503422385
2026-06-06T15:15:00,BEND:DMPS:400:BACT,2026-06-06T15:15:02,10.000005516820735
2026-06-06T15:30:00,BEND:DMPS:400:BACT,2026-06-06T15:30:02,9.999997590050349
2026-06-06T15:45:00,BEND:DMPS:400:BACT,2026-06-06T15:45:02,9.999993258547184
2026-06-06T16:15:00,BEND:DMPS:400:BACT,2026-06-06T16:15:02,10.000000014426629
2026-06-06T16:30:00,BEND:DMPS:400:BACT,2026-06-06T16:30:02,9.999998399672155
2026-06-06T16:45:00,BEND:DMPS:400:BACT,2026-06-06T16:45:02,10.000008258370075
2026-06-06T17:00:00,BEND:DMPS:400:BACT,2026-06-06T17:00:02,10.000003645562982
2026-06-06T17:15:00,BEND:DMPS:400:BACT,2026-06-06T17:15:02,9.999990752921747
2026-06-06T17:30:00,BEND:DMPS:400:BACT,2026-06-06T17:30:02,9.999993184025461
2026-06-06T17:45:00,BEND:DMPS:400:BACT,2026-06-06T17:45:02,10.000005522586244
2026-06-06T18:00:00,BEND:DMPS:400:BACT,2026-06-06T18:00:02,9.99999944981235
2026-06-06T18:15:00,BEND:DMPS:400:BACT,2026-06-06T18:15:02,9.999990721767247
2026-06-06T18:30:00,BEND:DMPS:400:BACT,2026-06-06T18:30:02,10.000001162124606
2026-06-06T18:45:00,BEND:DMPS:400:BACT,2026-06-06T18:45:02,9.999999260589494
2026-06-06T19:00:00,BEND:DMPS:400:BACT,2026-06-06T19:00:02,10.000002222934253
2026-06-06T19:15:00,BEND:DMPS:400:BACT,2026-06-06T19:15:02,9.999999172022152
2026-06-06T19:30:00,BEND:DMPS:400:BACT,2026-06-06T19:30:02,9.999998830697441
2026-06-06T19:45:00,BEND:DMPS:400:BACT,2026-06-06T19:45:02,9.999994423085532
2026-06-06T20:15:00,BEND:DMPS:400:BACT,2026-06-06T20:15:02,9.999993272374425
2026-06-06T20:30:00,BEND:DMPS:400:BACT,2026-06-06T20:30:02,9.999996992864013
2026-06-06T20:45:00,BEND:DMPS:400:BACT,2026-06-06T20:45:02,10.000003822466155
2026-06-06T21:00:00,BEND:DMPS:400:BACT,2026-06-06T21:00:02,10.000000553149555
2026-06-06T21:15:00,BEND:DMPS:400:BACT,2026-06-06T21:15:02,10.000000768462877
2026-06-06T21:30:00,BEND:DMPS:400:BACT,2026-06-06T21:30:02,9.999992155052494
2026-06-06T21:45:00,BEND:DMPS:400:BACT,2026-06-06T21:45:02,10.000003054424015
2026-06-06T22:00:00,BEND:DMPS:400:BACT,2026-06-06T22:00:02,10.000002006449394
2026-06-06T22:15:00,BEND:DMPS:400:BACT,2026-06-06T22:15:02,10.000003453270772
2026-06-06T22:30:00,BEND:DMPS:400:BACT,2026-06-06T22:30:02,9.999998522287328
2026-06-06T22:45:00,BEND:DMPS:400:BACT,2026-06-06T22:45:02,9.999993457014854
2026-06-06T23:00:00,BEND:DMPS:400:BACT,2026-06-06T23:00:02,9.999988988471856
2026-06-06T23:15:00,BEND:DMPS:400:BACT,2026-06-06T23:15:02,10.000000506517267
2026-06-06T23:30:00,BEND:DMPS:400:BACT,2026-06-06T23:30:02,9.999991050581082
2026-06-06T23:45:00,BEND:DMPS:400:BACT,2026-06-06T23:45:02,10.000000778368184
2026-06-07T00:15:00,BEND:DMPS:400:BACT,2026-06-07T00:15:02,10.00000341106402
2026-06-07T00:30:00,BEND:DMPS:400:BACT,2026-06-07T00:30:02,10.000005260593495
2026-06-07T00:45:00,BEND:DMPS:400:BACT,2026-06-07T00:45:02,9.999995515732161
2026-06-07T01:00:00,BEND:DMPS:400:BACT,2026-06-07T01:00:02,10.000006541828949
2026-06-07T01:15:00,BEND:DMPS:400:BACT,2026-06-07T01:15:02,9.9999931836062
2026-06-07T01:30:00,BEND:DMPS:400:BACT,2026-06-07T01:30:02,9.999991323005757
2026-06-07T01:45:00,BEND:DMPS:400:BACT,2026-06-07T01:45:02,10.00001166511302
2026-06-07T02:00:00,BEND:DMPS:400:BACT,2026-06-07T02:00:02,9.999994210763
2026-06-07T02:15:00,BEND:DMPS:400:BACT,2026-06-07T02:15:02,10.00000129252376
2026-06-07T02:30:00,BEND:DMPS:400:BACT,2026-06-07T02:30:02,10.000002577504413
2026-06-07T02:45:00,BEND:DMPS:400:BACT,2026-06-07T02:45:02,10.000007047996775
2026-06-07T03:00:00,BEND:DMPS:400:BACT,2026-06-07T03:00:02,9.999989168948474
2026-06-07T03:15:00,BEND:DMPS:400:BACT,2026-06-07T03:15:02,10.0000007200393
2026-06-07T03:30:00,BEND:DMPS:400:BACT,2026-06-07T03:30:02,10.000003488093954
2026-06-07T03:45:00,BEND:DMPS:400:BACT,2026-06-07T03:45:02,9.99999046657603
2026-06-07T04:15:00,BEND:DMPS:400:BACT,2026-06-07T04:15:02,10.00000461855954
2026-06-07T04:30:00,BEND:DMPS:400:BACT,2026-06-07T04:30:02,9.999999213211602
2026-06-07T04:45:00,BEND:DMPS:400:BACT,2026-06-07T04:45:02,9.99999655437266
2026-06-07T05:00:00,BEND:DMPS:400:BACT,2026-06-07T05:00:02,10.000005292126758
2026-06-07T05:15:00,BEND:DMPS:400:BACT,2026-06-07T05:15:02,10.00000454755314
2026-06-07T05:30:00,BEND:DMPS:400:BACT,2026-06-07T05:30:02,9.999998788802763
2026-06-07T05:45:00,BEND:DMPS:400:BACT,2026-06-07T05:45:02,9.999999403929406
2026-06-07T06:00:00,BEND:DMPS:400:BACT,2026-06-07T06:00:02,9.999993766915965
2026-06-07T06:15:00,BEND:DMPS:400:BACT,2026-06-07T06:15:02,9.999991601820444
2026-06-07T06:30:00,BEND:DMPS:400:BACT,2026-06-07T06:30:02,10.000002432432636
2026-06-07T06:45:00,BEND:DMPS:400:BACT,2026-06-07T06:45:02,9.9999991368586
2026-06-07T07:00:00,BEND:DMPS:400:BACT,2026-06-07T07:00:02,9.999991984108277
2026-06-07T07:15:00,BEND:DMPS:400:BACT,2026-06-07T07:15:02,9.999998735562214
2026-06-07T07:30:00,BEND:DMPS:400:BACT,2026-06-07T07:30:01,10.000000940128514
2026-06-07T07:45:00,BEND:DMPS:400:BACT,2026-06-07T07:45:02,9.999994102485513
2026-06-07T08:15:00,BEND:DMPS:400:BACT,2026-06-07T08:15:02,9.999997324655936
2026-06-07T08:30:00,BEND:DMPS:400:BACT,2026-06-07T08:30:02,9.999996850002443
2026-06-07T08:45:00,BEND:DMPS:400:BACT,2026-06-07T08:45:02,10.000003251796407
2026-06-07T09:00:00,BEND:DMPS:400:BACT,2026-06-07T09:00:02,9.99999837379901
2026-06-07T09:15:00,BEND:DMPS:400:BACT,2026-06-07T09:15:02,9.999994811091923
2026-06-07T09:30:00,BEND:DMPS:400:BACT,2026-06-07T09:30:02,9.999993468228803
2026-06-07T09:45:00,BEND:DMPS:400:BACT,2026-06-07T09:45:01,10.000001107559811
2026-06-07T10:00:00,BEND:DMPS:400:BACT,2026-06-07T10:00:02,9.999999235426333
2026-06-07T10:15:00,BEND:DMPS:400:BACT,2026-06-07T10:15:02,9.999991225011213
2026-06-07T10:30:00,BEND:DMPS:400:BACT,2026-06-07T10:30:02,10.000006618491925
2026-06-07T10:45:00,BEND:DMPS:400:BACT,2026-06-07T10:45:02,9.999993967425096
2026-06-07T11:00:00,BEND:DMPS:400:BACT,2026-06-07T11:00:01,9.999992510194483
2026-06-07T11:15:00,BEND:DMPS:400:BACT,2026-06-07T11:15:02,10.000005853260163
2026-06-07T11:30:00,BEND:DMPS:400:BACT,2026-06-07T11:30:01,9.999991998513067
2026-06-07T11:45:00,BEND:DMPS:400:BACT,2026-06-07T11:45:02,10.000001889589152
2026-06-07T12:15:00,BEND:DMPS:400:BACT,2026-06-07T12:15:01,10.000001909908812
2026-06-07T12:30:00,BEND:DMPS:400:BACT,2026-06-07T12:30:02,9.99999450510699
2026-06-07T12:45:00,BEND:DMPS:400:BACT,2026-06-07T12:45:02,9.999998120109918
2026-06-07T13:00:00,BEND:DMPS:400:BACT,2026-06-07T13:00:02,10.000000333842832
2026-06-07T13:15:00,BEND:DMPS:400:BACT,2026-06-07T13:15:00,9.999993187312098
2026-06-07T13:30:00,BEND:DMPS:400:BACT,2026-06-07T13:30:02,10.000008044745519
2026-06-07T13:45:00,BEND:DMPS:400:BACT,2026-06-07T13:45:01,10.000004762395054
2026-06-07T14:00:00,BEND:DMPS:400:BACT,2026-06-07T14:00:02,9.999986622305498
2026-06-07T14:15:00,BEND:DMPS:400:BACT,2026-06-07T14:15:02,10.000003231706147
2026-06-07T14:30:00,BEND:DMPS:400:BACT,2026-06-07T14:30:02,9.999988676743767
2026-06-07T14:45:00,BEND:DMPS:400:BACT,2026-06-07T14:45:02,9.999994541828505
2026-06-07T15:00:00,BEND:DMPS:400:BACT,2026-06-07T15:00:02,9.999999983480533
2026-06-07T15:15:00,BEND:DMPS:400:BACT,2026-06-07T15:15:02,9.999993922587333
2026-06-07T15:30:00,BEND:DMPS:400:BACT,2026-06-07T15:30:01,10.000003323549397
2026-06-07T15:45:00,BEND:DMPS:400:BACT,2026-06-07T15:45:02,9.999997300186555
2026-06-07T16:15:00,BEND:DMPS:400:BACT,2026-06-07T16:15:02,9.999994200789345
2026-06-07T16:30:00,BEND:DMPS:400:BACT,2026-06-07T16:30:02,9.999997811485095
2026-06-07T16:45:00,BEND:DMPS:400:BACT,2026-06-07T16:45:02,10.00000589402743
2026-06-07T17:00:00,BEND:DMPS:400:BACT,2026-06-07T17:00:02,9.999992568035411
2026-06-07T17:15:00,BEND:DMPS:400:BACT,2026-06-07T17:15:02,10.000000795018098
2026-06-07T17:30:00,BEND:DMPS:400:BACT,2026-06-07T17:30:01,9.999998851184488
2026-06-07T17:45:00,BEND:DMPS:400:BACT,2026-06-07T17:45:02,9.999995729259613
2026-06-07T18:00:00,BEND:DMPS:400:BACT,2026-06-07T18:00:02,10.000003679257157
2026-06-07T18:15:00,BEND:DMPS:400:BACT,2026-06-07T18:15:02,10.000001858592832
2026-06-07T18:30:00,BEND:DMPS:400:BACT,2026-06-07T18:30:01,9.999995462479022
2026-06-07T18:45:00,BEND:DMPS:400:BACT,2026-06-07T18:45:02,10.000003357769794
2026-06-07T19:00:00,BEND:DMPS:400:BACT,2026-06-07T19:00:02,9.999984544968784
2026-06-07T19:15:00,BEND:DMPS:400:BACT,2026-06-07T19:15:02,9.999998588117055
2026-06-07T19:30:00,BEND:DMPS:400:BACT,2026-06-07T19:30:02,9.999994242670516
2026-06-07T19:45:00,BEND:DMPS:400:BACT,2026-06-07T19:45:01,10.000003189532519
2026-06-07T20:15:00,BEND:DMPS:400:BACT,2026-06-07T20:15:02,9.999989469251153
2026-06-07T20:30:00,BEND:DMPS:400:BACT,2026-06-07T20:30:02,10.000000300099202
2026-06-07T20:45:00,BEND:DMPS:400:BACT,2026-06-07T20:45:02,9.99999301758866
2026-06-07T21:00:00,BEND:DMPS:400:BACT,2026-06-07T21:00:02,10.000004673441603
2026-06-07T21:15:00,BEND:DMPS:400:BACT,2026-06-07T21:15:02,10.000004166992506
2026-06-07T21:30:00,BEND:DMPS:400:BACT,2026-06-07T21:30:02,9.999988509764176
2026-06-07T21:45:00,BEND:DMPS:400:BACT,2026-06-07T21:45:02,10.00000581609249
2026-06-07T22:00:00,BEND:DMPS:400:BACT,2026-06-07T22:00:02,9.999999647777
2026-06-07T22:15:00,BEND:DMPS:400:BACT,2026-06-07T22:15:02,10.000000849109764
2026-06-07T22:30:00,BEND:DMPS:400:BACT,2026-06-07T22:30:02,9.99999482625008
2026-06-07T22:45:00,BEND:DMPS:400:BACT,2026-06-07T22:45:02,9.999995797630115
2026-06-07T23:00:00,BEND:DMPS:400:BACT,2026-06-07T23:00:02,9.999999119866398
2026-06-07T23:15:00,BEND:DMPS:400:BACT,2026-06-07T23:15:02,9.999993944398097
2026-06-07T23:30:00,BEND:DMPS:400:BACT,2026-06-07T23:30:02,9.99999252374878
2026-06-07T23:45:00,BEND:DMPS:400:BACT,2026-06-07T23:45:02,10.000002648717489
2026-06-08T00:15:00,BEND:DMPS:400:BACT,2026-06-08T00:15:02,10.000002488384219
2026-06-08T00:30:00,BEND:DMPS:400:BACT,2026-06-08T00:30:02,9.99999937168483
2026-06-08T00:45:00,BEND:DMPS:400:BACT,2026-06-08T00:45:02,9.999994349379875
2026-06-08T01:00:00,BEND:DMPS:400:BACT,2026-06-08T01:00:02,9.999999215979354
2026-06-08T01:15:00,BEND:DMPS:400:BACT,2026-06-08T01:15:02,9.999986566207543
2026-06-08T01:30:00,BEND:DMPS:400:BACT,2026-06-08T01:30:02,10.000002118197713
2026-06-08T01:45:00,BEND:DMPS:400:BACT,2026-06-08T01:45:02,9.999998869901866
2026-06-08T02:00:00,BEND:DMPS:400:BACT,2026-06-08T02:00:02,9.999995988526857
2026-06-08T02:15:00,BEND:DMPS:400:BACT,2026-06-08T02:15:02,10.000004382929637
2026-06-08T02:30:00,BEND:DMPS:400:BACT,2026-06-08T02:30:02,10.000005554976534
2026-06-08T02:45:00,BEND:DMPS:400:BACT,2026-06-08T02:45:02,9.999999017819313
2026-06-08T03:00:00,BEND:DMPS:400:BACT,2026-06-08T03:00:02,9.99998917216348
2026-06-08T03:15:00,BEND:DMPS:400:BACT,2026-06-08T03:15:02,10.000000042570262
2026-06-08T03:30:00,BEND:DMPS:400:BACT,2026-06-08T03:30:02,9.999999321868337
2026-06-08T03:45:00,BEND:DMPS:400:BACT,2026-06-08T03:45:02,9.999991882291862
2026-06-08T04:15:00,BEND:DMPS:400:BACT,2026-06-08T04:15:02,9.999998223533503
2026-06-08T04:30:00,BEND:DMPS:400:BACT,2026-06-08T04:30:02,9.999999769355533
2026-06-08T04:45:00,BEND:DMPS:400:BACT,2026-06-08T04:45:01,9.999996991421648
2026-06-08T05:00:00,BEND:DMPS:400:BACT,2026-06-08T05:00:02,10.000008465342738
2026-06-08T05:15:00,BEND:DMPS:400:BACT,2026-06-08T05:15:02,9.999996538118246
2026-06-08T05:30:00,BEND:DMPS:400:BACT,2026-06-08T05:30:02,9.999993131991115
2026-06-08T05:45:00,BEND:DMPS:400:BACT,2026-06-08T05:45:02,9.999998648577018
2026-06-08T06:00:00,BEND:DMPS:400:BACT,2026-06-08T06:00:02,9.99999502825042
2026-06-08T06:15:00,BEND:DMPS:400:BACT,2026-06-08T06:15:01,10.00001087365377
2026-06-08T06:30:00,BEND:DMPS:400:BACT,2026-06-08T06:30:02,9.999993096414702
2026-06-08T06:45:00,BEND:DMPS:400:BACT,2026-06-08T06:45:02,9.999994931157953
2026-06-08T07:00:00,BEND:DMPS:400:BACT,2026-06-08T07:00:02,9.99999773753032
2026-06-08T07:15:00,BEND:DMPS:400:BACT,2026-06-08T07:15:01,9.999999474649636
2026-06-08T07:30:00,BEND:DMPS:400:BACT,2026-06-08T07:30:01,10.000004541047426
2026-06-08T07:45:00,BEND:DMPS:400:BACT,2026-06-08T07:45:02,9.99999143213683
2026-06-08T08:15:00,BEND:DMPS:400:BACT,2026-06-08T08:15:02,9.999999439746524
2026-06-08T08:30:00,BEND:DMPS:400:BACT,2026-06-08T08:30:02,9.999990051971638
2026-06-08T08:45:00,BEND:DMPS:400:BACT,2026-06-08T08:45:02,10.000000113945678
2026-06-08T09:00:00,BEND:DMPS:400:BACT,2026-06-08T09:00:02,9.999999625466081
2026-06-08T09:15:00,BEND:DMPS:400:BACT,2026-06-08T09:15:01,10.000001433942257
2026-06-08T09:30:00,BEND:DMPS:400:BACT,2026-06-08T09:30:02,10.000002664967756
2026-06-08T09:45:00,BEND:DMPS:400:BACT,2026-06-08T09:45:02,10.000001723588854
2026-06-08T10:00:00,BEND:DMPS:400:BACT,2026-06-08T10:00:02,9.999999939812101
2026-06-08T10:15:00,BEND:DMPS:400:BACT,2026-06-08T10:15:02,10.000000042578982
2026-06-08T10:30:00,BEND:DMPS:400:BACT,2026-06-08T10:30:02,9.999995242952101
2026-06-08T10:45:00,BEND:DMPS:400:BACT,2026-06-08T10:45:02,10.000006952378385
2026-06-08T11:00:00,BEND:DMPS:400:BACT,2026-06-08T11:00:01,10.000000744734193
2026-06-08T11:15:00,BEND:DMPS:400:BACT,2026-06-08T11:15:02,10.000004452621003
2026-06-08T11:30:00,BEND:DMPS:400:BACT,2026-06-08T11:30:02,10.000003593681756
2026-06-08T11:45:00,BEND:DMPS:400:BACT,2026-06-08T11:45:02,9.999994954936922
2026-06-08T12:15:00,BEND:DMPS:400:BACT,2026-06-08T12:15:02,9.999992071814198
2026-06-08T12:30:00,BEND:DMPS:400:BACT,2026-06-08T12:30:02,9.999998320703162
2026-06-08T12:45:00,BEND:DMPS:400:BACT,2026-06-08T12:45:01,10.00000244836548
2026-06-08T13:00:00,BEND:DMPS:400:BACT,2026-06-08T13:00:02,9.999996933937748
2026-06-08T13:15:00,BEND:DMPS:400:BACT,2026-06-08T13:15:02,10.000004976970965
2026-06-08T13:30:00,BEND:DMPS:400:BACT,2026-06-08T13:30:02,10.00000255633363
2026-06-08T13:45:00,BEND:DMPS:400:BACT,2026-06-08T13:45:02,9.999992236658583
2026-06-08T14:00:00,BEND:DMPS:400:BACT,2026-06-08T14:00:02,10.000006879725186
2026-06-08T14:15:00,BEND:DMPS:400:BACT,2026-06-08T14:15:02,9.999998069318318
2026-06-08T14:30:00,BEND:DMPS:400:BACT,2026-06-08T14:30:01,10.00000555100716
2026-06-08T14:45:00,BEND:DMPS:400:BACT,2026-06-08T14:45:02,9.999998201888594
2026-06-08T15:00:00,BEND:DMPS:400:BACT,2026-06-08T15:00:02,9.99999395664485
2026-06-08T15:15:00,BEND:DMPS:400:BACT,2026-06-08T15:15:02,10.000005141747009
2026-06-08T15:30:00,BEND:DMPS:400:BACT,2026-06-08T15:30:01,10.000002052961511
2026-06-08T15:45:00,BEND:DMPS:400:BACT,2026-06-08T15:45:02,9.999995445094582
2026-06-08T16:15:00,BEND:DMPS:400:BACT,2026-06-08T16:15:00,9.999992706560233
2026-06-08T16:30:00,BEND:DMPS:400:BACT,2026-06-08T16:30:02,10.000004429151764
2026-06-08T16:45:00,BEND:DMPS:400:BACT,2026-06-08T16:45:02,10.000000083608176
2026-06-08T17:00:00,BEND:DMPS:400:BACT,2026-06-08T17:00:02,9.999996006824581
2026-06-08T17:15:00,BEND:DMPS:400:BACT,2026-06-08T17:15:02,10.000005035907808
2026-06-08T17:30:00,BEND:DMPS:400:BACT,2026-06-08T17:30:00,9.999999268527539
2026-06-08T17:45:00,BEND:DMPS:400:BACT,2026-06-08T17:45:02,9.999997733929254
2026-06-08T18:00:00,BEND:DMPS:400:BACT,2026-06-08T18:00:01,9.999997501188176
2026-06-08T18:15:00,BEND:DMPS:400:BACT,2026-06-08T18:15:02,9.999991986070077
2026-06-08T18:30:00,BEND:DMPS:400:BACT,2026-06-08T18:30:02,9.999998328716563
2026-06-08T18:45:00,BEND:DMPS:400:BACT,2026-06-08T18:45:02,9.99999814020066
2026-06-08T19:00:00,BEND:DMPS:400:BACT,2026-06-08T19:00:02,10.000000140744863
2026-06-08T19:15:00,BEND:DMPS:400:BACT,2026-06-08T19:15:01,9.99999596006004
2026-06-08T19:30:00,BEND:DMPS:400:BACT,2026-06-08T19:30:02,9.999992497243708
2026-06-08T19:45:00,BEND:DMPS:400:BACT,2026-06-08T19:45:02,10.000002800439137
2026-06-08T20:15:00,BEND:DMPS:400:BACT,2026-06-08T20:15:02,10.000003389018302
2026-06-08T20:30:00,BEND:DMPS:400:BACT,2026-06-08T20:30:02,10.000000654326945
2026-06-08T20:45:00,BEND:DMPS:400:BACT,2026-06-08T20:45:02,9.999994258606867
2026-06-08T21:00:00,BEND:DMPS:400:BACT,2026-06-08T21:00:01,9.999999287633843
2026-06-08T21:15:00,BEND:DMPS:400:BACT,2026-06-08T21:15:02,10.000002496427426
2026-06-08T21:30:00,BEND:DMPS:400:BACT,2026-06-08T21:30:02,9.999990253399863
2026-06-08T21:45:00,BEND:DMPS:400:BACT,2026-06-08T21:45:02,10.000001496962168
2026-06-08T22:00:00,BEND:DMPS:400:BACT,2026-06-08T22:00:02,9.999994818393604
2026-06-08T22:15:00,BEND:DMPS:400:BACT,2026-06-08T22:15:02,10.000004489185688
2026-06-08T22:30:00,BEND:DMPS:400:BACT,2026-06-08T22:30:02,9.99999839663021
2026-06-08T22:45:00,BEND:DMPS:400:BACT,2026-06-08T22:45:02,10.000000078262513
2026-06-08T23:00:00,BEND:DMPS:400:BACT,2026-06-08T23:00:02,10.000004940539192
2026-06-08T23:15:00,BEND:DMPS:400:BACT,2026-06-08T23:15:01,9.999997562989618
2026-06-08T23:30:00,BEND:DMPS:400:BACT,2026-06-08T23:30:02,9.99999906812169
2026-06-08T23:45:00,BEND:DMPS:400:BACT,2026-06-08T23:45:02,10.000008099820873
2026-06-09T00:15:00,BEND:DMPS:400:BACT,2026-06-09T00:15:02,9.999999437723782
2026-06-09T00:30:00,BEND:DMPS:400:BACT,2026-06-09T00:30:01,9.999993744890961
2026-06-09T00:45:00,BEND:DMPS:400:BACT,2026-06-09T00:45:02,9.999997693202822
2026-06-09T01:00:00,BEND:DMPS:400:BACT,2026-06-09T01:00:02,9.99999953120933
2026-06-09T01:15:00,BEND:DMPS:400:BACT,2026-06-09T01:15:02,9.999992100907761
2026-06-09T01:30:00,BEND:DMPS:400:BACT,2026-06-09T01:30:02,10.000001982305848
2026-06-09T01:45:00,BEND:DMPS:400:BACT,2026-06-09T01:45:01,9.9999954159725
2026-06-09T02:00:00,BEND:DMPS:400:BACT,2026-06-09T02:00:02,9.999994628596918
2026-06-09T02:15:00,BEND:DMPS:400:BACT,2026-06-09T02:15:01,10.000004468938533
2026-06-09T02:30:00,BEND:DMPS:400:BACT,2026-06-09T02:30:02,9.999994363735736
2026-06-09T02:45:00,BEND:DMPS:400:BACT,2026-06-09T02:45:02,10.000004190274753
2026-06-09T03:00:00,BEND:DMPS:400:BACT,2026-06-09T03:00:02,10.000003444159775
2026-06-09T03:15:00,BEND:DMPS:400:BACT,2026-06-09T03:15:02,9.99999820386981
2026-06-09T03:30:00,BEND:DMPS:400:BACT,2026-06-09T03:30:01,10.000003430010754
2026-06-09T03:45:00,BEND:DMPS:400:BACT,2026-06-09T03:45:02,10.000000132945612
2026-06-09T04:15:00,BEND:DMPS:400:BACT,2026-06-09T04:15:02,10.000000025274133
2026-06-09T04:30:00,BEND:DMPS:400:BACT,2026-06-09T04:30:02,9.99999514815174
2026-06-09T04:45:00,BEND:DMPS:400:BACT,2026-06-09T04:45:01,10.000001888593369
2026-06-09T05:00:00,BEND:DMPS:400:BACT,2026-06-09T05:00:02,9.999992795871956
2026-06-09T05:15:00,BEND:DMPS:400:BACT,2026-06-09T05:15:02,10.000005164032057
2026-06-09T05:30:00,BEND:DMPS:400:BACT,2026-06-09T05:30:02,10.000001314002821
2026-06-09T05:45:00,BEND:DMPS:400:BACT,2026-06-09T05:45:02,9.999985706760405
2026-06-09T06:00:00,BEND:DMPS:400:BACT,2026-06-09T06:00:02,10.000001007646816
2026-06-09T06:15:00,BEND:DMPS:400:BACT,2026-06-09T06:15:02,10.000003854070892
2026-06-09T06:30:00,BEND:DMPS:400:BACT,2026-06-09T06:30:01,10.000003490946899
2026-06-09T06:45:00,BEND:DMPS:400:BACT,2026-06-09T06:45:02,10.00000564189411
2026-06-09T07:00:00,BEND:DMPS:400:BACT,2026-06-09T07:00:02,9.999997668972162
2026-06-09T07:15:00,BEND:DMPS:400:BACT,2026-06-09T07:15:00,10.000005966217795
2026-06-09T07:30:00,BEND:DMPS:400:BACT,2026-06-09T07:30:02,9.999998845640713
2026-06-09T07:45:00,BEND:DMPS:400:BACT,2026-06-09T07:45:02,9.999999404428676
2026-06-09T08:15:00,BEND:DMPS:400:BACT,2026-06-09T08:15:01,9.999996952144311
2026-06-09T08:30:00,BEND:DMPS:400:BACT,2026-06-09T08:30:02,9.999994884639127
2026-06-09T08:45:00,BEND:DMPS:400:BACT,2026-06-09T08:45:02,10.000000194508548
2026-06-09T09:00:00,BEND:DMPS:400:BACT,2026-06-09T09:00:02,9.999993465951654
2026-06-09T09:15:00,BEND:DMPS:400:BACT,2026-06-09T09:15:02,10.000002179408083
2026-06-09T09:30:00,BEND:DMPS:400:BACT,2026-06-09T09:30:01,10.000001910294758
2026-06-09T09:45:00,BEND:DMPS:400:BACT,2026-06-09T09:45:02,10.00000212238377
2026-06-09T10:00:00,BEND:DMPS:400:BACT,2026-06-09T10:00:02,9.999999712340342
2026-06-09T10:15:00,BEND:DMPS:400:BACT,2026-06-09T10:15:02,9.999991867928713
2026-06-09T10:30:00,BEND:DMPS:400:BACT,2026-06-09T10:30:02,10.000000697452528
2026-06-09T10:45:00,BEND:DMPS:400:BACT,2026-06-09T10:45:02,9.999996347123469
2026-06-09T11:00:00,BEND:DMPS:400:BACT,2026-06-09T11:00:02,9.999997747960753
2026-06-09T11:15:00,BEND:DMPS:400:BACT,2026-06-09T11:15:01,9.999992332904723
2026-06-09T11:30:00,BEND:DMPS:400:BACT,2026-06-09T11:30:02,9.999989806530934
2026-06-09T11:45:00,BEND:DMPS:400:BACT,2026-06-09T11:45:02,10.000000266286554
2026-06-09T12:15:00,BEND:DMPS:400:BACT,2026-06-09T12:15:02,9.999994138068297
2026-06-09T12:30:00,BEND:DMPS:400:BACT,2026-06-09T12:30:02,10.000009232973214
2026-06-09T12:45:00,BEND:DMPS:400:BACT,2026-06-09T12:45:02,9.999992081317094
2026-06-09T13:00:00,BEND:DMPS:400:BACT,2026-06-09T13:00:01,10.000002008558234
2026-06-09T13:15:00,BEND:DMPS:400:BACT,2026-06-09T13:15:02,10.000001020966648
2026-06-09T13:30:00,BEND:DMPS:400:BACT,2026-06-09T13:30:02,9.999989468728861
2026-06-09T13:45:00,BEND:DMPS:400:BACT,2026-06-09T13:45:02,9.99999403094951
2026-06-09T14:00:00,BEND:DMPS:400:BACT,2026-06-09T14:00:02,10.000001571830625
2026-06-09T14:15:00,BEND:DMPS:400:BACT,2026-06-09T14:15:02,9.999996256746904
2026-06-09T14:30:00,BEND:DMPS:400:BACT,2026-06-09T14:30:02,10.000002610165728
2026-06-09T14:45:00,BEND:DMPS:400:BACT,2026-06-09T14:45:02,9.999995402980556
2026-06-09T15:00:00,BEND:DMPS:400:BACT,2026-06-09T15:00:02,10.000000297872665
2026-06-09T15:15:00,BEND:DMPS:400:BACT,2026-06-09T15:15:01,10.00000614459026
2026-06-09T15:30:00,BEND:DMPS:400:BACT,2026-06-09T15:30:02,9.999999047492226
2026-06-09T15:45:00,BEND:DMPS:400:BACT,2026-06-09T15:45:02,9.999997888085188
2026-06-09T16:15:00,BEND:DMPS:400:BACT,2026-06-09T16:15:02,9.99999473793067
2026-06-09T16:30:00,BEND:DMPS:400:BACT,2026-06-09T16:30:02,9.999995134829138
2026-06-09T16:45:00,BEND:DMPS:400:BACT,2026-06-09T16:45:02,9.999996564720554
2026-06-09T17:00:00,BEND:DMPS:400:BACT,2026-06-09T17:00:00,9.999994542953113
2026-06-09T17:15:00,BEND:DMPS:400:BACT,2026-06-09T17:15:02,9.999998259787866
2026-06-09T17:30:00,BEND:DMPS:400:BACT,2026-06-09T17:30:02,9.999999993367426
2026-06-09T17:45:00,BEND:DMPS:400:BACT,2026-06-09T17:45:02,9.99999906754871
2026-06-09T18:00:00,BEND:DMPS:400:BACT,2026-06-09T18:00:02,9.9999939381445
2026-06-09T18:15:00,BEND:DMPS:400:BACT,2026-06-09T18:15:02,9.999998111400252
2026-06-09T18:30:00,BEND:DMPS:400:BACT,2026-06-09T18:30:02,9.999999167229948
2026-06-09T18:45:00,BEND:DMPS:400:BACT,2026-06-09T18:45:01,9.999988724082622
2026-06-09T19:00:00,BEND:DMPS:400:BACT,2026-06-09T19:00:02,4.0000166835472655
2026-06-09T19:15:00,BEND:DMPS:400:BACT,2026-06-09T19:15:02,3.9999974577193766
2026-06-09T19:30:00,BEND:DMPS:400:BACT,2026-06-09T19:30:02,4.000012941615089
2026-06-09T19:45:00,BEND:DMPS:400:BACT,2026-06-09T19:45:02,4.0000071742936525
2026-06-09T20:15:00,BEND:DMPS:400:BACT,2026-06-09T20:15:02,4.000004851689616
2026-06-09T20:30:00,BEND:DMPS:400:BACT,2026-06-09T20:30:01,4.000003451919028
2026-06-09T20:45:00,BEND:DMPS:400:BACT,2026-06-09T20:45:02,3.9999970845313553
2026-06-09T21:00:00,BEND:DMPS:400:BACT,2026-06-09T21:00:02,3.9999978096011257
2026-06-09T21:15:00,BEND:DMPS:400:BACT,2026-06-09T21:15:02,4.0000042404710445
2026-06-09T21:30:00,BEND:DMPS:400:BACT,2026-06-09T21:30:02,4.000006953425917
2026-06-09T21:45:00,BEND:DMPS:400:BACT,2026-06-09T21:45:02,4.000001071822959
2026-06-10T18:15:00,BEND:DMPS:400:BACT,2026-06-10T18:15:02,3.9999954804889155
2026-06-10T18:30:00,BEND:DMPS:400:BACT,2026-06-10T18:30:02,4.0000035456844785
2026-06-10T18:45:00,BEND:DMPS:400:BACT,2026-06-10T18:45:02,3.999998547674407
2026-06-10T19:00:00,BEND:DMPS:400:BACT,2026-06-10T19:00:02,3.999994587629859
2026-06-10T19:15:00,BEND:DMPS:400:BACT,2026-06-10T19:15:02,4.000003694992788
2026-06-10T19:30:00,BEND:DMPS:400:BACT,2026-06-10T19:30:02,3.999996327026546
2026-06-10T19:45:00,BEND:DMPS:400:BACT,2026-06-10T19:45:01,4.000004954245012
2026-06-10T20:15:00,BEND:DMPS:400:BACT,2026-06-10T20:15:02,3.999995901595126
2026-06-10T20:30:00,BEND:DMPS:400:BACT,2026-06-10T20:30:02,3.9999994627115862
2026-06-10T20:45:00,BEND:DMPS:400:BACT,2026-06-10T20:45:02,4.000005172121851
2026-06-10T21:00:00,BEND:DMPS:400:BACT,2026-06-10T21:00:02,3.999991505936207
2026-06-10T21:15:00,BEND:DMPS:400:BACT,2026-06-10T21:15:02,4.000002127279099
2026-06-10T21:30:00,BEND:DMPS:400:BACT,2026-06-10T21:30:02,3.99999406590732
2026-06-10T21:45:00,BEND:DMPS:400:BACT,2026-06-10T21:45:02,4.000009213071961
2026-06-10T22:00:00,BEND:DMPS:400:BACT,2026-06-10T22:00:01,4.00000054329982
2026-06-10T22:15:00,BEND:DMPS:400:BACT,2026-06-10T22:15:02,3.9999919073518715
2026-06-10T22:30:00,BEND:DMPS:400:BACT,2026-06-10T22:30:02,4.000004041507098
2026-06-10T22:45:00,BEND:DMPS:400:BACT,2026-06-10T22:45:02,4.0000047938881735
2026-06-10T23:00:00,BEND:DMPS:400:BACT,2026-06-10T23:00:02,4.000002587049655
2026-06-10T23:15:00,BEND:DMPS:400:BACT,2026-06-10T23:15:00,4.000001525034353
2026-06-10T23:30:00,BEND:DMPS:400:BACT,2026-06-10T23:30:02,3.999993548691968
2026-06-10T23:45:00,BEND:DMPS:400:BACT,2026-06-10T23:45:00,4.000006572946244
2026-06-11T00:15:00,BEND:DMPS:400:BACT,2026-06-11T00:15:02,3.999992443357514
2026-06-11T00:30:00,BEND:DMPS:400:BACT,2026-06-11T00:30:02,4.000007017909669
2026-06-11T00:45:00,BEND:DMPS:400:BACT,2026-06-11T00:45:02,3.9999982758882715
2026-06-11T01:00:00,BEND:DMPS:400:BACT,2026-06-11T01:00:02,4.000012649529719
2026-06-11T01:15:00,BEND:DMPS:400:BACT,2026-06-11T01:15:01,4.000000421650978
2026-06-11T01:30:00,BEND:DMPS:400:BACT,2026-06-11T01:30:01,3.999994573603009
2026-06-11T01:45:00,BEND:DMPS:400:BACT,2026-06-11T01:45:01,4.000003240789628
2026-06-11T02:00:00,BEND:DMPS:400:BACT,2026-06-11T02:00:02,3.999996510543923
2026-06-11T02:15:00,BEND:DMPS:400:BACT,2026-06-11T02:15:02,3.9999926550787754
2026-06-11T02:30:00,BEND:DMPS:400:BACT,2026-06-11T02:30:02,4.000003484516784
2026-06-11T02:45:00,BEND:DMPS:400:BACT,2026-06-11T02:45:02,3.9999912927157166
2026-06-11T03:00:00,BEND:DMPS:400:BACT,2026-06-11T03:00:02,4.000010108069865
2026-06-11T03:15:00,BEND:DMPS:400:BACT,2026-06-11T03:15:01,4.00000572637367
2026-06-11T03:30:00,BEND:DMPS:400:BACT,2026-06-11T03:30:02,3.9999926301058952
2026-06-11T03:45:00,BEND:DMPS:400:BACT,2026-06-11T03:45:02,4.000005813482122
2026-06-11T04:15:00,BEND:DMPS:400:BACT,2026-06-11T04:15:02,3.999993940911367
2026-06-11T04:30:00,BEND:DMPS:400:BACT,2026-06-11T04:30:02,4.0000017719339365
2026-06-11T04:45:00,BEND:DMPS:400:BACT,2026-06-11T04:45:02,4.000001261902191
2026-06-11T05:00:00,BEND:DMPS:400:BACT,2026-06-11T05:00:01,4.0000001090827775
2026-06-11T05:15:00,BEND:DMPS:400:BACT,2026-06-11T05:15:02,3.9999986686010627
2026-06-11T05:30:00,BEND:DMPS:400:BACT,2026-06-11T05:30:02,3.99999313068581
2026-06-11T05:45:00,BEND:DMPS:400:BACT,2026-06-11T05:45:02,4.000004191503099
2026-06-13T02:15:00,BEND:DMPS:400:BACT,2026-06-13T02:15:02,7.999989772302664
2026-06-13T02:30:00,BEND:DMPS:400:BACT,2026-06-13T02:30:00,7.999994948859384
2026-06-13T02:45:00,BEND:DMPS:400:BACT,2026-06-13T02:45:02,7.999997864070346
2026-06-13T03:00:00,BEND:DMPS:400:BACT,2026-06-13T03:00:02,7.999989462187546
2026-06-13T03:15:00,BEND:DMPS:400:BACT,2026-06-13T03:15:02,8.00000557420605
2026-06-13T03:30:00,BEND:DMPS:400:BACT,2026-06-13T03:30:02,7.999992512240594
2026-06-13T03:45:00,BEND:DMPS:400:BACT,2026-06-13T03:45:02,7.999996074953032
2026-06-13T04:15:00,BEND:DMPS:400:BACT,2026-06-13T04:15:02,7.99999110533388
2026-06-13T04:30:00,BEND:DMPS:400:BACT,2026-06-13T04:30:02,7.99999392120966
2026-06-13T04:45:00,BEND:DMPS:400:BACT,2026-06-13T04:45:02,7.999995995870177
2026-06-13T05:00:00,BEND:DMPS:400:BACT,2026-06-13T05:00:02,7.99999734898919
2026-06-13T05:15:00,BEND:DMPS:400:BACT,2026-06-13T05:15:02,7.999982714415901
2026-06-13T05:30:00,BEND:DMPS:400:BACT,2026-06-13T05:30:02,7.99999970145467
2026-06-13T05:45:00,BEND:DMPS:400:BACT,2026-06-13T05:45:01,7.999993479592872
2026-06-13T06:00:00,BEND:DMPS:400:BACT,2026-06-13T06:00:02,8.000000236607177
2026-06-13T06:15:00,BEND:DMPS:400:BACT,2026-06-13T06:15:02,0.02682969562472928
2026-06-13T06:30:00,BEND:DMPS:400:BACT,2026-06-13T06:30:02,4.999992356645707
2026-06-13T06:45:00,BEND:DMPS:400:BACT,2026-06-13T06:45:02,4.999998553687741
2026-06-13T07:00:00,BEND:DMPS:400:BACT,2026-06-13T07:00:02,5.000001915271866
2026-06-13T07:15:00,BEND:DMPS:400:BACT,2026-06-13T07:15:02,4.999995244198332
2026-06-13T07:30:00,BEND:DMPS:400:BACT,2026-06-13T07:30:01,5.000008589591816
2026-06-13T07:45:00,BEND:DMPS:400:BACT,2026-06-13T07:45:02,4.999998268533733
2026-06-13T08:15:00,BEND:DMPS:400:BACT,2026-06-13T08:15:02,5.000005404725826
2026-06-13T08:30:00,BEND:DMPS:400:BACT,2026-06-13T08:30:02,4.999990926923202
2026-06-13T08:45:00,BEND:DMPS:400:BACT,2026-06-13T08:45:02,4.999997972472674
2026-06-13T09:00:00,BEND:DMPS:400:BACT,2026-06-13T09:00:02,5.000001131529072
2026-06-13T09:15:00,BEND:DMPS:400:BACT,2026-06-13T09:15:01,4.999990523598958
2026-06-13T09:30:00,BEND:DMPS:400:BACT,2026-06-13T09:30:02,5.000008777214615
2026-06-13T09:45:00,BEND:DMPS:400:BACT,2026-06-13T09:45:01,4.999995167241141
2026-06-13T23:30:00,BEND:DMPS:400:BACT,2026-06-13T23:30:02,5.000006543338983
2026-06-13T23:45:00,BEND:DMPS:400:BACT,2026-06-13T23:45:02,4.999999381705882
2026-06-14T00:15:00,BEND:DMPS:400:BACT,2026-06-14T00:15:02,5.000001336287286
2026-06-14T00:30:00,BEND:DMPS:400:BACT,2026-06-14T00:30:01,4.999998057347388
2026-06-14T00:45:00,BEND:DMPS:400:BACT,2026-06-14T00:45:02,4.999989271310353
2026-06-14T01:00:00,BEND:DMPS:400:BACT,2026-06-14T01:00:02,5.000001584414276
2026-06-14T01:15:00,BEND:DMPS:400:BACT,2026-06-14T01:15:02,4.999997490166939
2026-06-14T01:30:00,BEND:DMPS:400:BACT,2026-06-14T01:30:02,5.000004218804825
2026-06-14T01:45:00,BEND:DMPS:400:BACT,2026-06-14T01:45:02,4.999991025390034
2026-06-14T02:00:00,BEND:DMPS:400:BACT,2026-06-14T02:00:02,5.000000376794902
2026-06-14T02:15:00,BEND:DMPS:400:BACT,2026-06-14T02:15:01,4.9999997335705855
2026-06-14T02:30:00,BEND:DMPS:400:BACT,2026-06-14T02:30:02,4.999994988911238
2026-06-14T02:45:00,BEND:DMPS:400:BACT,2026-06-14T02:45:02,5.000003377170705
2026-06-14T03:00:00,BEND:DMPS:400:BACT,2026-06-14T03:00:02,5.000003896765805
2026-06-14T03:15:00,BEND:DMPS:400:BACT,2026-06-14T03:15:02,4.999996639655929
2026-06-14T03:30:00,BEND:DMPS:400:BACT,2026-06-14T03:30:02,5.000005267233882
2026-06-14T03:45:00,BEND:DMPS:400:BACT,2026-06-14T03:45:02,5.000004609427222
2026-06-14T04:15:00,BEND:DMPS:400:BACT,2026-06-14T04:15:02,5.000001509719252
2026-06-14T04:30:00,BEND:DMPS:400:BACT,2026-06-14T04:30:02,4.999995873527241
2026-06-14T04:45:00,BEND:DMPS:400:BACT,2026-06-14T04:45:02,5.000011380739314
2026-06-14T05:00:00,BEND:DMPS:400:BACT,2026-06-14T05:00:02,5.00000333722561
2026-06-14T05:15:00,BEND:DMPS:400:BACT,2026-06-14T05:15:02,4.99999986895896
2026-06-14T05:30:00,BEND:DMPS:400:BACT,2026-06-14T05:30:02,5.000003764766054
2026-06-14T05:45:00,BEND:DMPS:400:BACT,2026-06-14T05:45:00,5.000002574902364
2026-06-14T06:00:00,BEND:DMPS:400:BACT,2026-06-14T06:00:02,4.999996413464945
2026-06-14T06:15:00,BEND:DMPS:400:BACT,2026-06-14T06:15:02,5.000003380929662
2026-06-14T06:30:00,BEND:DMPS:400:BACT,2026-06-14T06:30:02,4.99999756442827
2026-06-14T06:45:00,BEND:DMPS:400:BACT,2026-06-14T06:45:01,5.000005400737632
2026-06-14T07:00:00,BEND:DMPS:400:BACT,2026-06-14T07:00:02,5.000006245782903
2026-06-14T07:15:00,BEND:DMPS:400:BACT,2026-06-14T07:15:02,4.999991049577878
2026-06-14T07:30:00,BEND:DMPS:400:BACT,2026-06-14T07:30:01,4.999999433338014
2026-06-14T07:45:00,BEND:DMPS:400:BACT,2026-06-14T07:45:02,4.9999970930731665
2026-06-14T08:15:00,BEND:DMPS:400:BACT,2026-06-14T08:15:02,5.000009123377166
2026-06-14T08:30:00,BEND:DMPS:400:BACT,2026-06-14T08:30:02,4.99999223919074
2026-06-14T08:45:00,BEND:DMPS:400:BACT,2026-06-14T08:45:02,5.000004716708287
2026-06-14T09:00:00,BEND:DMPS:400:BACT,2026-06-14T09:00:02,4.999997086530009
2026-06-14T09:15:00,BEND:DMPS:400:BACT,2026-06-14T09:15:01,5.000004341560225
2026-06-14T09:30:00,BEND:DMPS:400:BACT,2026-06-14T09:30:02,5.000002675087404
2026-06-14T09:45:00,BEND:DMPS:400:BACT,2026-06-14T09:45:02,4.999990477626097
2026-06-14T10:00:00,BEND:DMPS:400:BACT,2026-06-14T10:00:02,5.000008171608751
2026-06-14T10:15:00,BEND:DMPS:400:BACT,2026-06-14T10:15:02,5.000001564704336
2026-06-14T10:30:00,BEND:DMPS:400:BACT,2026-06-14T10:30:02,4.999989350950852
2026-06-14T10:45:00,BEND:DMPS:400:BACT,2026-06-14T10:45:02,5.000001158596736
2026-06-14T11:00:00,BEND:DMPS:400:BACT,2026-06-14T11:00:02,5.000000896354646
2026-06-14T11:15:00,BEND:DMPS:400:BACT,2026-06-14T11:15:02,5.000003908777587
2026-06-14T11:30:00,BEND:DMPS:400:BACT,2026-06-14T11:30:02,5.000003194318845
2026-06-14T11:45:00,BEND:DMPS:400:BACT,2026-06-14T11:45:02,4.999997075726845
2026-06-14T12:15:00,BEND:DMPS:400:BACT,2026-06-14T12:15:01,4.999994579071459
2026-06-14T12:30:00,BEND:DMPS:400:BACT,2026-06-14T12:30:02,5.000005033588291
2026-06-14T12:45:00,BEND:DMPS:400:BACT,2026-06-14T12:45:02,4.999996768679262
2026-06-14T13:00:00,BEND:DMPS:400:BACT,2026-06-14T13:00:02,5.000001504697658
2026-06-14T13:15:00,BEND:DMPS:400:BACT,2026-06-14T13:15:02,5.000012523632144
2026-06-14T13:30:00,BEND:DMPS:400:BACT,2026-06-14T13:30:02,4.999998461327914
2026-06-14T13:45:00,BEND:DMPS:400:BACT,2026-06-14T13:45:02,4.999998492028697
2026-06-14T14:00:00,BEND:DMPS:400:BACT,2026-06-14T14:00:01,4.999996484952404
2026-06-14T14:15:00,BEND:DMPS:400:BACT,2026-06-14T14:15:02,5.000000709093398
2026-06-14T14:30:00,BEND:DMPS:400:BACT,2026-06-14T14:30:02,5.000005135190151
2026-06-14T14:45:00,BEND:DMPS:400:BACT,2026-06-14T14:45:02,4.999996442959945
2026-06-14T15:00:00,BEND:DMPS:400:BACT,2026-06-14T15:00:02,4.999998726176759
2026-06-14T15:15:00,BEND:DMPS:400:BACT,2026-06-14T15:15:01,5.000005374363861
2026-06-14T15:30:00,BEND:DMPS:400:BACT,2026-06-14T15:30:02,4.999997322134495
2026-06-14T15:45:00,BEND:DMPS:400:BACT,2026-06-14T15:45:01,5.000003254441441
2026-06-14T16:15:00,BEND:DMPS:400:BACT,2026-06-14T16:15:02,4.999992281264254
2026-06-14T16:30:00,BEND:DMPS:400:BACT,2026-06-14T16:30:02,4.9999991501858645
2026-06-14T16:45:00,BEND:DMPS:400:BACT,2026-06-14T16:45:00,4.999994077396947
2026-06-14T17:00:00,BEND:DMPS:400:BACT,2026-06-14T17:00:01,4.999997754887558
2026-06-14T17:15:00,BEND:DMPS:400:BACT,2026-06-14T17:15:02,5.000001494653375
2026-06-14T17:30:00,BEND:DMPS:400:BACT,2026-06-14T17:30:02,4.999987835975704
2026-06-14T17:45:00,BEND:DMPS:400:BACT,2026-06-14T17:45:00,5.000003090947282
2026-06-14T18:00:00,BEND:DMPS:400:BACT,2026-06-14T18:00:02,4.999996940045633
2026-06-14T18:15:00,BEND:DMPS:400:BACT,2026-06-14T18:15:01,7.999990449345908
2026-06-14T18:30:00,BEND:DMPS:400:BACT,2026-06-14T18:30:02,7.999997608215053
2026-06-14T18:45:00,BEND:DMPS:400:BACT,2026-06-14T18:45:02,7.999997991707589
2026-06-14T19:00:00,BEND:DMPS:400:BACT,2026-06-14T19:00:02,7.999995050395837
2026-06-14T19:15:00,BEND:DMPS:400:BACT,2026-06-14T19:15:02,7.9999979255724565
2026-06-14T19:30:00,BEND:DMPS:400:BACT,2026-06-14T19:30:02,8.000000471240826
2026-06-14T19:45:00,BEND:DMPS:400:BACT,2026-06-14T19:45:02,7.999990983761228
2026-06-14T20:15:00,BEND:DMPS:400:BACT,2026-06-14T20:15:02,7.999993024461409
2026-06-14T20:30:00,BEND:DMPS:400:BACT,2026-06-14T20:30:02,7.999989276376783
2026-06-14T20:45:00,BEND:DMPS:400:BACT,2026-06-14T20:45:02,7.999992024963305
2026-06-14T21:00:00,BEND:DMPS:400:BACT,2026-06-14T21:00:02,7.999987969513363
2026-06-14T21:15:00,BEND:DMPS:400:BACT,2026-06-14T21:15:02,7.99998525498814
2026-06-14T21:30:00,BEND:DMPS:400:BACT,2026-06-14T21:30:02,7.999999104064422
2026-06-14T21:45:00,BEND:DMPS:400:BACT,2026-06-14T21:45:02,7.999988183310789
2026-06-14T22:00:00,BEND:DMPS:400:BACT,2026-06-14T22:00:02,7.999993724976211
2026-06-14T22:15:00,BEND:DMPS:400:BACT,2026-06-14T22:15:02,8.00000045104105
2026-06-14T22:30:00,BEND:DMPS:400:BACT,2026-06-14T22:30:02,7.999984922161187
2026-06-14T22:45:00,BEND:DMPS:400:BACT,2026-06-14T22:45:02,7.999992593569057
2026-06-14T23:00:00,BEND:DMPS:400:BACT,2026-06-14T23:00:01,7.999999451331531
2026-06-14T23:15:00,BEND:DMPS:400:BACT,2026-06-14T23:15:02,8.000000027249213
2026-06-14T23:30:00,BEND:DMPS:400:BACT,2026-06-14T23:30:02,7.9999944901319076
2026-06-14T23:45:00,BEND:DMPS:400:BACT,2026-06-14T23:45:02,7.999987447388517
2026-06-15T00:15:00,BEND:DMPS:400:BACT,2026-06-15T00:15:01,7.999988412055832
2026-06-15T00:30:00,BEND:DMPS:400:BACT,2026-06-15T00:30:02,7.999993718306977
2026-06-15T00:45:00,BEND:DMPS:400:BACT,2026-06-15T00:45:02,7.999998070328599
2026-06-15T01:00:00,BEND:DMPS:400:BACT,2026-06-15T01:00:02,7.999982425500618
2026-06-15T01:15:00,BEND:DMPS:400:BACT,2026-06-15T01:15:02,7.999992778137115
2026-06-15T01:30:00,BEND:DMPS:400:BACT,2026-06-15T01:30:02,7.999989557214557
2026-06-15T01:45:00,BEND:DMPS:400:BACT,2026-06-15T01:45:02,8.000000047248339
2026-06-15T02:00:00,BEND:DMPS:400:BACT,2026-06-15T02:00:01,7.999993648067495
2026-06-15T02:15:00,BEND:DMPS:400:BACT,2026-06-15T02:15:02,7.999980989016622
2026-06-15T02:30:00,BEND:DMPS:400:BACT,2026-06-15T02:30:02,7.999997296261926
2026-06-15T02:45:00,BEND:DMPS:400:BACT,2026-06-15T02:45:02,7.99999695439764
2026-06-15T03:00:00,BEND:DMPS:400:BACT,2026-06-15T03:00:02,7.999986026566186
2026-06-15T03:15:00,BEND:DMPS:400:BACT,2026-06-15T03:15:02,8.000001716318918
2026-06-15T03:30:00,BEND:DMPS:400:BACT,2026-06-15T03:30:02,7.9999886466437085
2026-06-15T03:45:00,BEND:DMPS:400:BACT,2026-06-15T03:45:00,7.999998332909182
2026-06-15T04:15:00,BEND:DMPS:400:BACT,2026-06-15T04:15:02,7.999989886949183
2026-06-15T04:30:00,BEND:DMPS:400:BACT,2026-06-15T04:30:02,7.999993254280105
2026-06-15T04:45:00,BEND:DMPS:400:BACT,2026-06-15T04:45:02,7.999986660857429
2026-06-15T05:00:00,BEND:DMPS:400:BACT,2026-06-15T05:00:01,7.999987150149161
2026-06-15T05:15:00,BEND:DMPS:400:BACT,2026-06-15T05:15:02,7.999990312307766
2026-06-15T05:30:00,BEND:DMPS:400:BACT,2026-06-15T05:30:02,7.999983522329615
2026-06-15T05:45:00,BEND:DMPS:400:BACT,2026-06-15T05:45:02,7.999995369321856
2026-06-15T06:00:00,BEND:DMPS:400:BACT,2026-06-15T06:00:02,7.999992812762103
2026-06-15T06:15:00,BEND:DMPS:400:BACT,2026-06-15T06:15:02,7.9999958404569735
2026-06-15T06:30:00,BEND:DMPS:400:BACT,2026-06-15T06:30:02,7.999996621242694
2026-06-15T06:45:00,BEND:DMPS:400:BACT,2026-06-15T06:45:02,7.999983716635529
2026-06-15T07:00:00,BEND:DMPS:400:BACT,2026-06-15T07:00:02,7.999999506159218
2026-06-15T07:15:00,BEND:DMPS:400:BACT,2026-06-15T07:15:01,7.99999670130972
2026-06-15T07:30:00,BEND:DMPS:400:BACT,2026-06-15T07:30:02,7.999982419021876
2026-06-15T07:45:00,BEND:DMPS:400:BACT,2026-06-15T07:45:02,7.999996473524341
2026-06-15T08:15:00,BEND:DMPS:400:BACT,2026-06-15T08:15:02,7.999987306908386
2026-06-15T08:30:00,BEND:DMPS:400:BACT,2026-06-15T08:30:02,7.999991599023685
2026-06-15T08:45:00,BEND:DMPS:400:BACT,2026-06-15T08:45:02,7.99999329858299
2026-06-15T09:00:00,BEND:DMPS:400:BACT,2026-06-15T09:00:01,7.9999998489604405
2026-06-15T09:15:00,BEND:DMPS:400:BACT,2026-06-15T09:15:02,7.999993822455993
2026-06-15T09:30:00,BEND:DMPS:400:BACT,2026-06-15T09:30:02,7.999984884192094
2026-06-15T09:45:00,BEND:DMPS:400:BACT,2026-06-15T09:45:02,7.999994138714343
2026-06-15T10:00:00,BEND:DMPS:400:BACT,2026-06-15T10:00:02,7.999989892064911
2026-06-15T10:15:00,BEND:DMPS:400:BACT,2026-06-15T10:15:01,7.9999958709526515
2026-06-15T10:30:00,BEND:DMPS:400:BACT,2026-06-15T10:30:02,7.999990226086227
2026-06-15T10:45:00,BEND:DMPS:400:BACT,2026-06-15T10:45:01,7.999987472140356
2026-06-15T11:00:00,BEND:DMPS:400:BACT,2026-06-15T11:00:02,7.999998801770206
2026-06-15T11:15:00,BEND:DMPS:400:BACT,2026-06-15T11:15:02,7.9999872510774415
2026-06-15T11:30:00,BEND:DMPS:400:BACT,2026-06-15T11:30:02,7.999998965336434
2026-06-15T11:45:00,BEND:DMPS:400:BACT,2026-06-15T11:45:02,7.999992616290986
2026-06-15T12:15:00,BEND:DMPS:400:BACT,2026-06-15T12:15:02,7.999997729340754
2026-06-15T12:30:00,BEND:DMPS:400:BACT,2026-06-15T12:30:02,7.999983332491168
2026-06-15T12:45:00,BEND:DMPS:400:BACT,2026-06-15T12:45:02,7.9999990125681855
2026-06-15T13:00:00,BEND:DMPS:400:BACT,2026-06-15T13:00:01,7.999995899257305
2026-06-15T13:15:00,BEND:DMPS:400:BACT,2026-06-15T13:15:00,7.999990471792786
2026-06-15T13:30:00,BEND:DMPS:400:BACT,2026-06-15T13:30:01,7.999999919341233
2026-06-15T13:45:00,BEND:DMPS:400:BACT,2026-06-15T13:45:01,7.999995268279879
2026-06-15T14:00:00,BEND:DMPS:400:BACT,2026-06-15T14:00:02,7.9999894908483205
2026-06-15T14:15:00,BEND:DMPS:400:BACT,2026-06-15T14:15:02,8.00000265051131
2026-06-15T14:30:00,BEND:DMPS:400:BACT,2026-06-15T14:30:02,7.9999900778486275
2026-06-15T14:45:00,BEND:DMPS:400:BACT,2026-06-15T14:45:02,7.999995859300963
2026-06-15T15:00:00,BEND:DMPS:400:BACT,2026-06-15T15:00:01,7.999996845141795
2026-06-15T15:15:00,BEND:DMPS:400:BACT,2026-06-15T15:15:02,7.999991390711887
2026-06-15T15:30:00,BEND:DMPS:400:BACT,2026-06-15T15:30:02,7.999998026801728
2026-06-15T15:45:00,BEND:DMPS:400:BACT,2026-06-15T15:45:02,7.999987017641284
2026-06-15T16:15:00,BEND:DMPS:400:BACT,2026-06-15T16:15:02,7.999997320585433
2026-06-15T16:30:00,BEND:DMPS:400:BACT,2026-06-15T16:30:02,7.999986079370985
2026-06-15T16:45:00,BEND:DMPS:400:BACT,2026-06-15T16:45:02,7.999996845184979
2026-06-15T17:00:00,BEND:DMPS:400:BACT,2026-06-15T17:00:02,7.99998789294275
2026-06-15T17:15:00,BEND:DMPS:400:BACT,2026-06-15T17:15:01,7.999999310854226
2026-06-15T17:30:00,BEND:DMPS:400:BACT,2026-06-15T17:30:02,7.999998134677934
2026-06-15T17:45:00,BEND:DMPS:400:BACT,2026-06-15T17:45:02,7.999990850517047
2026-06-15T18:00:00,BEND:DMPS:400:BACT,2026-06-15T18:00:02,7.999994165130567
2026-06-15T18:15:00,BEND:DMPS:400:BACT,2026-06-15T18:15:02,7.999990086792828
2026-06-15T18:30:00,BEND:DMPS:400:BACT,2026-06-15T18:30:02,7.999988511853223
2026-06-15T18:45:00,BEND:DMPS:400:BACT,2026-06-15T18:45:02,7.999999196021497
2026-06-15T19:00:00,BEND:DMPS:400:BACT,2026-06-15T19:00:01,7.999992792243384
2026-06-15T19:15:00,BEND:DMPS:400:BACT,2026-06-15T19:15:01,7.999998881940383
2026-06-15T19:30:00,BEND:DMPS:400:BACT,2026-06-15T19:30:02,8.000001525244272
2026-06-15T19:45:00,BEND:DMPS:400:BACT,2026-06-15T19:45:02,7.99998774321641
2026-06-15T20:15:00,BEND:DMPS:400:BACT,2026-06-15T20:15:02,7.999990489345932
2026-06-15T20:30:00,BEND:DMPS:400:BACT,2026-06-15T20:30:02,7.999987820760668
2026-06-15T20:45:00,BEND:DMPS:400:BACT,2026-06-15T20:45:00,7.999996518328714
2026-06-15T21:00:00,BEND:DMPS:400:BACT,2026-06-15T21:00:02,7.999987849143784
2026-06-15T21:15:00,BEND:DMPS:400:BACT,2026-06-15T21:15:01,7.9999901566841976
2026-06-15T21:30:00,BEND:DMPS:400:BACT,2026-06-15T21:30:02,8.000003292849216
2026-06-15T21:45:00,BEND:DMPS:400:BACT,2026-06-15T21:45:02,7.9999861535476695
2026-06-15T22:00:00,BEND:DMPS:400:BACT,2026-06-15T22:00:01,8.00000206094106
2026-06-15T22:15:00,BEND:DMPS:400:BACT,2026-06-15T22:15:02,7.999995809906771
2026-06-15T22:30:00,BEND:DMPS:400:BACT,2026-06-15T22:30:01,7.999997185041709
2026-06-15T22:45:00,BEND:DMPS:400:BACT,2026-06-15T22:44:59,7.999992642088437
2026-06-15T23:00:00,BEND:DMPS:400:BACT,2026-06-15T23:00:02,7.999990364310738
2026-06-15T23:15:00,BEND:DMPS:400:BACT,2026-06-15T23:15:02,8.000000106448592
2026-06-15T23:30:00,BEND:DMPS:400:BACT,2026-06-15T23:30:02,7.9999911254737475
2026-06-15T23:45:00,BEND:DMPS:400:BACT,2026-06-15T23:45:02,7.9999959616826954
2026-06-16T00:15:00,BEND:DMPS:400:BACT,2026-06-16T00:15:01,7.999992655110537
2026-06-16T00:30:00,BEND:DMPS:400:BACT,2026-06-16T00:30:02,8.000001522561874
2026-06-16T00:45:00,BEND:DMPS:400:BACT,2026-06-16T00:45:02,7.999997926715437
2026-06-16T01:00:00,BEND:DMPS:400:BACT,2026-06-16T01:00:02,7.999979362383682
2026-06-16T01:15:00,BEND:DMPS:400:BACT,2026-06-16T01:15:02,8.00000337593509
2026-06-16T01:30:00,BEND:DMPS:400:BACT,2026-06-16T01:30:02,7.99999111916278
2026-06-16T01:45:00,BEND:DMPS:400:BACT,2026-06-16T01:45:02,7.999983553590502
2026-06-16T02:00:00,BEND:DMPS:400:BACT,2026-06-16T02:00:01,7.999999389435415
2026-06-16T02:15:00,BEND:DMPS:400:BACT,2026-06-16T02:15:01,7.999985517898687
2026-06-16T02:30:00,BEND:DMPS:400:BACT,2026-06-16T02:30:02,7.9999961461185745
2026-06-16T02:45:00,BEND:DMPS:400:BACT,2026-06-16T02:45:02,7.999994688060243
2026-06-16T03:00:00,BEND:DMPS:400:BACT,2026-06-16T03:00:01,7.999999951870444
2026-06-16T03:15:00,BEND:DMPS:400:BACT,2026-06-16T03:15:01,8.000003197311873
2026-06-16T03:30:00,BEND:DMPS:400:BACT,2026-06-16T03:30:02,7.999988622115247
2026-06-16T03:45:00,BEND:DMPS:400:BACT,2026-06-16T03:45:01,7.99999891915201
2026-06-16T04:15:00,BEND:DMPS:400:BACT,2026-06-16T04:15:02,7.999988960765036
2026-06-16T04:30:00,BEND:DMPS:400:BACT,2026-06-16T04:30:02,8.000000932334306
2026-06-16T04:45:00,BEND:DMPS:400:BACT,2026-06-16T04:45:02,7.999993591479722
2026-06-16T05:00:00,BEND:DMPS:400:BACT,2026-06-16T05:00:01,7.9999953807272295
2026-06-16T05:15:00,BEND:DMPS:400:BACT,2026-06-16T05:15:02,7.99999723251838
2026-06-16T05:30:00,BEND:DMPS:400:BACT,2026-06-16T05:30:02,7.999981869364402
2026-06-16T05:45:00,BEND:DMPS:400:BACT,2026-06-16T05:45:02,7.99998991965907
2026-06-16T06:00:00,BEND:DMPS:400:BACT,2026-06-16T06:00:02,7.999984927937911
2026-06-16T06:15:00,BEND:DMPS:400:BACT,2026-06-16T06:15:01,7.999994064926014
2026-06-16T06:30:00,BEND:DMPS:400:BACT,2026-06-16T06:30:02,7.999997784807663
2026-06-16T06:45:00,BEND:DMPS:400:BACT,2026-06-16T06:45:02,7.999994574541986
2026-06-16T07:00:00,BEND:DMPS:400:BACT,2026-06-16T07:00:02,8.000000074275848
2026-06-16T07:15:00,BEND:DMPS:400:BACT,2026-06-16T07:15:02,7.999994382076944
2026-06-16T07:30:00,BEND:DMPS:400:BACT,2026-06-16T07:30:02,7.999997114303085
2026-06-16T07:45:00,BEND:DMPS:400:BACT,2026-06-16T07:45:02,8.000003531625662
2026-06-16T08:15:00,BEND:DMPS:400:BACT,2026-06-16T08:15:02,7.999996062566809
2026-06-16T08:30:00,BEND:DMPS:400:BACT,2026-06-16T08:30:02,7.999989954428708
2026-06-16T08:45:00,BEND:DMPS:400:BACT,2026-06-16T08:45:02,7.999979294505625
2026-06-16T09:00:00,BEND:DMPS:400:BACT,2026-06-16T09:00:02,7.999991551131026
2026-06-16T09:15:00,BEND:DMPS:400:BACT,2026-06-16T09:14:59,7.99998988681439
2026-06-16T09:30:00,BEND:DMPS:400:BACT,2026-06-16T09:30:02,7.999998368837314
2026-06-16T09:45:00,BEND:DMPS:400:BACT,2026-06-16T09:45:00,7.999992738159389
2026-06-16T10:00:00,BEND:DMPS:400:BACT,2026-06-16T10:00:02,7.999994977383071
2026-06-16T10:15:00,BEND:DMPS:400:BACT,2026-06-16T10:15:02,7.999996502513705
2026-06-16T10:30:00,BEND:DMPS:400:BACT,2026-06-16T10:30:02,7.9999896497126
2026-06-16T10:45:00,BEND:DMPS:400:BACT,2026-06-16T10:45:02,7.9999974065419925
2026-06-16T11:00:00,BEND:DMPS:400:BACT,2026-06-16T11:00:02,7.999992775138869
2026-06-16T11:15:00,BEND:DMPS:400:BACT,2026-06-16T11:15:02,7.9999879442620285
2026-06-16T11:30:00,BEND:DMPS:400:BACT,2026-06-16T11:30:01,7.999989501192291
2026-06-16T11:45:00,BEND:DMPS:400:BACT,2026-06-16T11:45:02,7.999991838972607
2026-06-16T12:15:00,BEND:DMPS:400:BACT,2026-06-16T12:15:01,7.999992919867266
2026-06-16T12:30:00,BEND:DMPS:400:BACT,2026-06-16T12:30:02,7.99998482182825
2026-06-16T12:45:00,BEND:DMPS:400:BACT,2026-06-16T12:45:02,7.999989853184093
2026-06-16T13:00:00,BEND:DMPS:400:BACT,2026-06-16T13:00:02,7.999993787489635
2026-06-16T13:15:00,BEND:DMPS:400:BACT,2026-06-16T13:15:01,7.999998674376238
2026-06-16T13:30:00,BEND:DMPS:400:BACT,2026-06-16T13:30:02,7.9999987262190615
2026-06-16T13:45:00,BEND:DMPS:400:BACT,2026-06-16T13:45:02,7.999987206901004
2026-06-16T14:00:00,BEND:DMPS:400:BACT,2026-06-16T14:00:02,7.999994175012402
2026-06-16T14:15:00,BEND:DMPS:400:BACT,2026-06-16T14:15:02,7.999991449043379
2026-06-16T14:30:00,BEND:DMPS:400:BACT,2026-06-16T14:30:01,7.999999591998808
2026-06-16T14:45:00,BEND:DMPS:400:BACT,2026-06-16T14:45:02,8.00000240609303
2026-06-16T15:00:00,BEND:DMPS:400:BACT,2026-06-16T15:00:02,7.999983440306122
2026-06-16T15:15:00,BEND:DMPS:400:BACT,2026-06-16T15:15:02,8.000001305031187
2026-06-16T15:30:00,BEND:DMPS:400:BACT,2026-06-16T15:30:02,7.999992596032191
2026-06-16T15:45:00,BEND:DMPS:400:BACT,2026-06-16T15:45:01,7.9999942832448045
2026-06-16T16:15:00,BEND:DMPS:400:BACT,2026-06-16T16:15:02,7.999995659282061
2026-06-16T16:30:00,BEND:DMPS:400:BACT,2026-06-16T16:30:02,7.999998480007765
2026-06-16T16:45:00,BEND:DMPS:400:BACT,2026-06-16T16:45:02,7.999994803064017
2026-06-16T17:00:00,BEND:DMPS:400:BACT,2026-06-16T17:00:02,7.999999955799015
2026-06-16T17:15:00,BEND:DMPS:400:BACT,2026-06-16T17:15:02,7.9999896259171
2026-06-16T17:30:00,BEND:DMPS:400:BACT,2026-06-16T17:30:01,7.999987023513621
2026-06-16T17:45:00,BEND:DMPS:400:BACT,2026-06-16T17:45:02,7.999996358995932
2026-06-16T18:00:00,BEND:DMPS:400:BACT,2026-06-16T18:00:02,7.999990916186188
2026-06-16T18:15:00,BEND:DMPS:400:BACT,2026-06-16T18:15:02,7.999996107309646
2026-06-16T18:30:00,BEND:DMPS:400:BACT,2026-06-16T18:30:02,8.000000008977832
2026-06-16T18:45:00,BEND:DMPS:400:BACT,2026-06-16T18:45:01,7.999987389007596
2026-06-16T19:00:00,BEND:DMPS:400:BACT,2026-06-16T19:00:02,7.999995299467661
2026-06-16T19:15:00,BEND:DMPS:400:BACT,2026-06-16T19:15:02,7.999998738211855
2026-06-16T19:30:00,BEND:DMPS:400:BACT,2026-06-16T19:30:02,7.9999885498469405
2026-06-16T19:45:00,BEND:DMPS:400:BACT,2026-06-16T19:45:02,8.000001772531474
2026-06-16T20:15:00,BEND:DMPS:400:BACT,2026-06-16T20:15:02,7.999999099774507
2026-06-16T20:30:00,BEND:DMPS:400:BACT,2026-06-16T20:30:01,7.999992597132046
2026-06-16T20:45:00,BEND:DMPS:400:BACT,2026-06-16T20:45:02,7.999984475291193
2026-06-16T21:00:00,BEND:DMPS:400:BACT,2026-06-16T21:00:02,8.000002271042172
2026-06-16T21:15:00,BEND:DMPS:400:BACT,2026-06-16T21:15:02,7.999990725756449
2026-06-16T21:30:00,BEND:DMPS:400:BACT,2026-06-16T21:30:02,7.999995281750824
2026-06-16T21:45:00,BEND:DMPS:400:BACT,2026-06-16T21:45:01,7.99999315915328
2026-06-16T22:00:00,BEND:DMPS:400:BACT,2026-06-16T22:00:02,7.999986712488711
2026-06-16T22:15:00,BEND:DMPS:400:BACT,2026-06-16T22:15:02,7.99999064107095
2026-06-16T22:30:00,BEND:DMPS:400:BACT,2026-06-16T22:30:02,7.999994196896623
2026-06-16T22:45:00,BEND:DMPS:400:BACT,2026-06-16T22:45:02,8.000000130942984
2026-06-16T23:00:00,BEND:DMPS:400:BACT,2026-06-16T23:00:01,7.999996066254623
2026-06-16T23:15:00,BEND:DMPS:400:BACT,2026-06-16T23:15:02,7.99999010239989
2026-06-16T23:30:00,BEND:DMPS:400:BACT,2026-06-16T23:30:02,7.999998612873753
2026-06-16T23:45:00,BEND:DMPS:400:BACT,2026-06-16T23:45:02,7.999985322118501
2026-06-17T00:15:00,BEND:DMPS:400:BACT,2026-06-17T00:15:02,7.999995955990361
2026-06-17T00:30:00,BEND:DMPS:400:BACT,2026-06-17T00:30:02,7.999986327805781
2026-06-17T00:45:00,BEND:DMPS:400:BACT,2026-06-17T00:45:01,7.999998064174691
2026-06-17T01:00:00,BEND:DMPS:400:BACT,2026-06-17T01:00:02,7.999991410884878
2026-06-17T01:15:00,BEND:DMPS:400:BACT,2026-06-17T01:15:01,7.999993867969111
2026-06-17T01:30:00,BEND:DMPS:400:BACT,2026-06-17T01:30:02,8.00000147638148
2026-06-17T01:45:00,BEND:DMPS:400:BACT,2026-06-17T01:45:02,7.9999908027626265
2026-06-17T02:00:00,BEND:DMPS:400:BACT,2026-06-17T02:00:02,7.9999905726625355
2026-06-17T02:15:00,BEND:DMPS:400:BACT,2026-06-17T02:15:02,7.99999771274376
2026-06-17T02:30:00,BEND:DMPS:400:BACT,2026-06-17T02:30:02,7.999990038129579
2026-06-17T02:45:00,BEND:DMPS:400:BACT,2026-06-17T02:45:02,8.00000130206256
2026-06-17T03:00:00,BEND:DMPS:400:BACT,2026-06-17T03:00:01,7.999993458634756
2026-06-17T03:15:00,BEND:DMPS:400:BACT,2026-06-17T03:15:02,7.999990657626552
2026-06-17T03:30:00,BEND:DMPS:400:BACT,2026-06-17T03:30:01,7.999994010957015
2026-06-17T03:45:00,BEND:DMPS:400:BACT,2026-06-17T03:44:59,7.9999868583549025
2026-06-17T04:15:00,BEND:DMPS:400:BACT,2026-06-17T04:15:02,7.999996363524048
2026-06-17T04:30:00,BEND:DMPS:400:BACT,2026-06-17T04:30:02,7.999987481172999
2026-06-17T04:45:00,BEND:DMPS:400:BACT,2026-06-17T04:45:00,7.999995708049821
2026-06-17T05:00:00,BEND:DMPS:400:BACT,2026-06-17T05:00:02,7.999990125788144
2026-06-17T05:15:00,BEND:DMPS:400:BACT,2026-06-17T05:15:02,7.999988219815462
2026-06-17T05:30:00,BEND:DMPS:400:BACT,2026-06-17T05:30:02,7.999993938301992
2026-06-17T05:45:00,BEND:DMPS:400:BACT,2026-06-17T05:45:02,7.9999879597571715
2026-06-17T06:00:00,BEND:DMPS:400:BACT,2026-06-17T06:00:01,7.999997901078968
2026-06-17T06:15:00,BEND:DMPS:400:BACT,2026-06-17T06:15:02,7.999993628015838
2026-06-17T06:30:00,BEND:DMPS:400:BACT,2026-06-17T06:30:02,7.999991593935056
2026-06-17T06:45:00,BEND:DMPS:400:BACT,2026-06-17T06:45:02,7.999994067864687
2026-06-17T07:00:00,BEND:DMPS:400:BACT,2026-06-17T07:00:02,7.999980673222566
2026-06-17T07:15:00,BEND:DMPS:400:BACT,2026-06-17T07:15:02,8.00000677523282
2026-06-17T07:30:00,BEND:DMPS:400:BACT,2026-06-17T07:30:02,7.999986490482098
2026-06-17T07:45:00,BEND:DMPS:400:BACT,2026-06-17T07:45:01,7.9999989281505055
2026-06-17T08:15:00,BEND:DMPS:400:BACT,2026-06-17T08:15:01,7.999986545114695
2026-06-17T08:30:00,BEND:DMPS:400:BACT,2026-06-17T08:30:02,7.999993237929457
2026-06-17T08:45:00,BEND:DMPS:400:BACT,2026-06-17T08:45:02,7.9999956620345944
2026-06-17T09:00:00,BEND:DMPS:400:BACT,2026-06-17T09:00:02,7.999985265461807
2026-06-17T09:15:00,BEND:DMPS:400:BACT,2026-06-17T09:15:02,7.999999637590357
2026-06-17T09:30:00,BEND:DMPS:400:BACT,2026-06-17T09:30:01,7.999993280957643
2026-06-17T09:45:00,BEND:DMPS:400:BACT,2026-06-17T09:45:02,7.9999970748642735
2026-06-17T10:00:00,BEND:DMPS:400:BACT,2026-06-17T10:00:01,7.999995504465364
2026-06-17T10:15:00,BEND:DMPS:400:BACT,2026-06-17T10:15:02,7.999985723945267
2026-06-17T10:30:00,BEND:DMPS:400:BACT,2026-06-17T10:30:02,7.999988610019488
2026-06-17T10:45:00,BEND:DMPS:400:BACT,2026-06-17T10:45:02,8.000000623962658
2026-06-17T11:00:00,BEND:DMPS:400:BACT,2026-06-17T11:00:02,7.999987242665544
2026-06-17T11:15:00,BEND:DMPS:400:BACT,2026-06-17T11:15:02,8.000005803014623
2026-06-17T11:30:00,BEND:DMPS:400:BACT,2026-06-17T11:30:02,7.9999938432379105
2026-06-17T11:45:00,BEND:DMPS:400:BACT,2026-06-17T11:45:01,7.999998199657462
2026-06-17T12:15:00,BEND:DMPS:400:BACT,2026-06-17T12:15:02,7.999990429446608
2026-06-17T12:30:00,BEND:DMPS:400:BACT,2026-06-17T12:30:02,7.999995964905188
2026-06-17T12:45:00,BEND:DMPS:400:BACT,2026-06-17T12:45:02,7.999991946449935
2026-06-17T13:00:00,BEND:DMPS:400:BACT,2026-06-17T13:00:02,7.9999834815916255
2026-06-17T13:15:00,BEND:DMPS:400:BACT,2026-06-17T13:15:02,8.000001560134155
2026-06-17T13:30:00,BEND:DMPS:400:BACT,2026-06-17T13:30:02,7.999993623573609
2026-06-17T13:45:00,BEND:DMPS:400:BACT,2026-06-17T13:45:02,7.99998877154821
2026-06-17T14:00:00,BEND:DMPS:400:BACT,2026-06-17T14:00:02,7.999990566020404
2026-06-17T14:15:00,BEND:DMPS:400:BACT,2026-06-17T14:15:02,7.99999272514673
2026-06-17T14:30:00,BEND:DMPS:400:BACT,2026-06-17T14:30:02,7.999982637229185
2026-06-17T14:45:00,BEND:DMPS:400:BACT,2026-06-17T14:45:02,7.999994673788475
2026-06-17T15:00:00,BEND:DMPS:400:BACT,2026-06-17T15:00:02,7.999988784355327
2026-06-17T15:15:00,BEND:DMPS:400:BACT,2026-06-17T15:15:02,7.999983979875763
2026-06-17T15:30:00,BEND:DMPS:400:BACT,2026-06-17T15:30:02,7.999996941411372
2026-06-17T15:45:00,BEND:DMPS:400:BACT,2026-06-17T15:45:02,7.99999293691733
2026-06-17T16:15:00,BEND:DMPS:400:BACT,2026-06-17T16:15:02,7.999992236446723
2026-06-17T16:30:00,BEND:DMPS:400:BACT,2026-06-17T16:30:02,7.999990364200974
2026-06-17T16:45:00,BEND:DMPS:400:BACT,2026-06-17T16:45:02,7.999994654953929
2026-06-17T17:00:00,BEND:DMPS:400:BACT,2026-06-17T17:00:02,7.999991406607244
2026-06-17T17:15:00,BEND:DMPS:400:BACT,2026-06-17T17:15:02,7.999991204128397
2026-06-17T17:30:00,BEND:DMPS:400:BACT,2026-06-17T17:30:02,7.999997648833594
2026-06-17T17:45:00,BEND:DMPS:400:BACT,2026-06-17T17:45:02,8.000007511436902
2026-06-17T18:00:00,BEND:DMPS:400:BACT,2026-06-17T18:00:02,7.99999100652787
2026-06-17T18:15:00,BEND:DMPS:400:BACT,2026-06-17T18:15:01,7.99999983954486
2026-06-17T18:30:00,BEND:DMPS:400:BACT,2026-06-17T18:30:02,7.9999947684674755
2026-06-17T18:45:00,BEND:DMPS:400:BACT,2026-06-17T18:45:02,7.999986240731097
2026-06-17T19:00:00,BEND:DMPS:400:BACT,2026-06-17T19:00:02,7.99999302500411
2026-06-17T19:15:00,BEND:DMPS:400:BACT,2026-06-17T19:15:02,7.999992039347249
2026-06-17T19:30:00,BEND:DMPS:400:BACT,2026-06-17T19:30:02,7.999992995360872
2026-06-17T19:45:00,BEND:DMPS:400:BACT,2026-06-17T19:45:02,7.999992892566786
2026-06-17T20:15:00,BEND:DMPS:400:BACT,2026-06-17T20:15:02,7.999997149218015
2026-06-17T20:30:00,BEND:DMPS:400:BACT,2026-06-17T20:30:01,7.999986387486926
2026-06-17T20:45:00,BEND:DMPS:400:BACT,2026-06-17T20:45:02,7.999987013966294
2026-06-17T21:00:00,BEND:DMPS:400:BACT,2026-06-17T21:00:02,7.999994410906243
2026-06-17T21:15:00,BEND:DMPS:400:BACT,2026-06-17T21:15:02,7.999990737163205
2026-06-17T21:30:00,BEND:DMPS:400:BACT,2026-06-17T21:30:02,7.99999716512756
2026-06-17T21:45:00,BEND:DMPS:400:BACT,2026-06-17T21:45:02,7.999998067353715
2026-06-17T22:00:00,BEND:DMPS:400:BACT,2026-06-17T22:00:02,7.999991869998388
2026-06-17T22:15:00,BEND:DMPS:400:BACT,2026-06-17T22:15:01,7.999998834416903
2026-06-17T22:30:00,BEND:DMPS:400:BACT,2026-06-17T22:30:02,7.999986317398505
2026-06-17T22:45:00,BEND:DMPS:400:BACT,2026-06-17T22:45:00,7.999995903842646
2026-06-17T23:00:00,BEND:DMPS:400:BACT,2026-06-17T23:00:02,8.00000201355314
2026-06-17T23:15:00,BEND:DMPS:400:BACT,2026-06-17T23:15:02,7.999993245418487
2026-06-17T23:30:00,BEND:DMPS:400:BACT,2026-06-17T23:30:02,7.999992439931488
2026-06-17T23:45:00,BEND:DMPS:400:BACT,2026-06-17T23:45:02,8.000003152411814
2026-06-18T00:15:00,BEND:DMPS:400:BACT,2026-06-18T00:15:02,7.999991699477694
2026-06-18T00:30:00,BEND:DMPS:400:BACT,2026-06-18T00:30:01,7.999991607726517
2026-06-18T00:45:00,BEND:DMPS:400:BACT,2026-06-18T00:45:02,7.999992553521353
2026-06-18T01:00:00,BEND:DMPS:400:BACT,2026-06-18T01:00:02,7.999993034607908
2026-06-18T01:15:00,BEND:DMPS:400:BACT,2026-06-18T01:15:02,7.999991306543612
2026-06-18T01:30:00,BEND:DMPS:400:BACT,2026-06-18T01:30:02,7.999992150025234
2026-06-18T01:45:00,BEND:DMPS:400:BACT,2026-06-18T01:45:00,7.99999301836524
2026-06-18T02:00:00,BEND:DMPS:400:BACT,2026-06-18T02:00:02,7.999979382914216
2026-06-18T02:15:00,BEND:DMPS:400:BACT,2026-06-18T02:15:01,7.999987948470173
2026-06-18T02:30:00,BEND:DMPS:400:BACT,2026-06-18T02:30:02,8.000001473092807
2026-06-18T02:45:00,BEND:DMPS:400:BACT,2026-06-18T02:45:01,7.999985033321101
2026-06-18T03:00:00,BEND:DMPS:400:BACT,2026-06-18T03:00:02,7.999992257005498
2026-06-18T03:15:00,BEND:DMPS:400:BACT,2026-06-18T03:15:01,7.9999855328738585
2026-06-18T03:30:00,BEND:DMPS:400:BACT,2026-06-18T03:30:02,8.000002577701595
2026-06-18T03:45:00,BEND:DMPS:400:BACT,2026-06-18T03:45:02,7.99998887180712
2026-06-18T04:15:00,BEND:DMPS:400:BACT,2026-06-18T04:15:02,7.999993828815666
2026-06-18T04:30:00,BEND:DMPS:400:BACT,2026-06-18T04:30:01,7.999993224963574
2026-06-18T04:45:00,BEND:DMPS:400:BACT,2026-06-18T04:45:02,7.999990123936117
2026-06-18T05:00:00,BEND:DMPS:400:BACT,2026-06-18T05:00:01,7.999999993751759
2026-06-18T05:15:00,BEND:DMPS:400:BACT,2026-06-18T05:15:02,7.999979270712917
2026-06-18T05:30:00,BEND:DMPS:400:BACT,2026-06-18T05:30:02,7.999996070394347
2026-06-18T05:45:00,BEND:DMPS:400:BACT,2026-06-18T05:45:01,7.999994565055047
2026-06-18T06:00:00,BEND:DMPS:400:BACT,2026-06-18T06:00:02,7.999991020729794
2026-06-18T06:15:00,BEND:DMPS:400:BACT,2026-06-18T06:15:02,7.999999365341226
2026-06-18T06:30:00,BEND:DMPS:400:BACT,2026-06-18T06:30:02,7.999981330858462
2026-06-18T06:45:00,BEND:DMPS:400:BACT,2026-06-18T06:45:01,7.999997910622408
2026-06-18T07:00:00,BEND:DMPS:400:BACT,2026-06-18T07:00:00,7.999994132891947
2026-06-18T07:15:00,BEND:DMPS:400:BACT,2026-06-18T07:15:02,7.9999813719122566
2026-06-18T07:30:00,BEND:DMPS:400:BACT,2026-06-18T07:30:01,7.999995841491606
2026-06-18T07:45:00,BEND:DMPS:400:BACT,2026-06-18T07:45:02,7.999989162573715
2026-06-18T08:15:00,BEND:DMPS:400:BACT,2026-06-18T08:15:02,7.999994175882427
2026-06-18T08:30:00,BEND:DMPS:400:BACT,2026-06-18T08:30:02,7.9999835459070905
2026-06-18T08:45:00,BEND:DMPS:400:BACT,2026-06-18T08:45:02,7.999998854092832
2026-06-18T09:00:00,BEND:DMPS:400:BACT,2026-06-18T09:00:02,7.999987388431663
2026-06-18T09:15:00,BEND:DMPS:400:BACT,2026-06-18T09:15:01,7.999991546567779
2026-06-18T09:30:00,BEND:DMPS:400:BACT,2026-06-18T09:30:01,7.999991073930584
2026-06-18T09:45:00,BEND:DMPS:400:BACT,2026-06-18T09:45:02,7.999996565930308
2026-06-18T10:00:00,BEND:DMPS:400:BACT,2026-06-18T10:00:02,7.999994060548129
2026-06-18T10:15:00,BEND:DMPS:400:BACT,2026-06-18T10:15:02,7.999999904957068
2026-06-18T10:30:00,BEND:DMPS:400:BACT,2026-06-18T10:30:02,7.999986419735668
2026-06-18T10:45:00,BEND:DMPS:400:BACT,2026-06-18T10:45:02,8.000000652478727
2026-06-18T11:00:00,BEND:DMPS:400:BACT,2026-06-18T11:00:01,7.999993088457641
2026-06-18T11:15:00,BEND:DMPS:400:BACT,2026-06-18T11:15:02,7.999991409675057
2026-06-18T11:30:00,BEND:DMPS:400:BACT,2026-06-18T11:30:02,7.999999189904075
2026-06-18T11:45:00,BEND:DMPS:400:BACT,2026-06-18T11:45:02,7.999989545150312
2026-06-18T12:15:00,BEND:DMPS:400:BACT,2026-06-18T12:15:01,7.999983084960734
2026-06-18T12:30:00,BEND:DMPS:400:BACT,2026-06-18T12:30:02,7.999994681863014
2026-06-18T12:45:00,BEND:DMPS:400:BACT,2026-06-18T12:45:01,7.999991930214627
2026-06-18T13:00:00,BEND:DMPS:400:BACT,2026-06-18T13:00:02,7.999990633602749
2026-06-18T13:15:00,BEND:DMPS:400:BACT,2026-06-18T13:15:02,7.999996106296954
2026-06-18T13:30:00,BEND:DMPS:400:BACT,2026-06-18T13:30:02,7.999995580386163
2026-06-18T13:45:00,BEND:DMPS:400:BACT,2026-06-18T13:45:02,7.999990485562691
2026-06-18T14:00:00,BEND:DMPS:400:BACT,2026-06-18T14:00:02,7.9999904189858455
2026-06-18T14:15:00,BEND:DMPS:400:BACT,2026-06-18T14:15:02,7.999986777284357
2026-06-18T14:30:00,BEND:DMPS:400:BACT,2026-06-18T14:30:01,8.00000214984492
2026-06-18T14:45:00,BEND:DMPS:400:BACT,2026-06-18T14:45:02,8.000000717574205
2026-06-18T15:00:00,BEND:DMPS:400:BACT,2026-06-18T15:00:02,7.999990514879819
2026-06-18T15:15:00,BEND:DMPS:400:BACT,2026-06-18T15:15:02,7.99999412677692
2026-06-18T15:30:00,BEND:DMPS:400:BACT,2026-06-18T15:30:02,7.9999944466327655
2026-06-18T15:45:00,BEND:DMPS:400:BACT,2026-06-18T15:45:02,7.999984771704174
2026-06-18T16:15:00,BEND:DMPS:400:BACT,2026-06-18T16:15:01,7.999992510267715
2026-06-18T16:30:00,BEND:DMPS:400:BACT,2026-06-18T16:30:02,7.999990472973967
2026-06-18T16:45:00,BEND:DMPS:400:BACT,2026-06-18T16:45:01,7.999998397691378
2026-06-18T17:00:00,BEND:DMPS:400:BACT,2026-06-18T17:00:01,7.999992649347253
2026-06-18T17:15:00,BEND:DMPS:400:BACT,2026-06-18T17:15:02,7.99999698243085
2026-06-18T17:30:00,BEND:DMPS:400:BACT,2026-06-18T17:30:02,7.999989745873141
2026-06-18T17:45:00,BEND:DMPS:400:BACT,2026-06-18T17:45:02,7.999983593347835
2026-06-18T18:00:00,BEND:DMPS:400:BACT,2026-06-18T18:00:02,7.999996891597459
2026-06-18T18:15:00,BEND:DMPS:400:BACT,2026-06-18T18:15:02,15.703019431677191
2026-06-18T18:30:00,BEND:DMPS:400:BACT,2026-06-18T18:30:02,5.000005057733003
2026-06-18T18:45:00,BEND:DMPS:400:BACT,2026-06-18T18:45:01,5.000007161028232
2026-06-18T19:00:00,BEND:DMPS:400:BACT,2026-06-18T19:00:02,4.9999974175384505
2026-06-18T19:15:00,BEND:DMPS:400:BACT,2026-06-18T19:15:02,5.000006388753366
2026-06-18T19:30:00,BEND:DMPS:400:BACT,2026-06-18T19:30:02,4.999996632649492
2026-06-18T19:45:00,BEND:DMPS:400:BACT,2026-06-18T19:45:01,5.000005869357887
2026-06-18T20:15:00,BEND:DMPS:400:BACT,2026-06-18T20:15:02,4.999995207164844
2026-06-18T20:30:00,BEND:DMPS:400:BACT,2026-06-18T20:30:02,5.000001975152638
2026-06-18T20:45:00,BEND:DMPS:400:BACT,2026-06-18T20:45:02,4.999993660442327
2026-06-18T21:00:00,BEND:DMPS:400:BACT,2026-06-18T21:00:02,5.000003215582321
2026-06-18T21:15:00,BEND:DMPS:400:BACT,2026-06-18T21:15:02,4.999992978149353
2026-06-18T21:30:00,BEND:DMPS:400:BACT,2026-06-18T21:30:01,5.0000051685010725
2026-06-18T21:45:00,BEND:DMPS:400:BACT,2026-06-18T21:45:01,4.999997933439508
2026-06-18T22:00:00,BEND:DMPS:400:BACT,2026-06-18T22:00:02,4.999997983070995
2026-06-18T22:15:00,BEND:DMPS:400:BACT,2026-06-18T22:15:02,5.000004981434502
2026-06-18T22:30:00,BEND:DMPS:400:BACT,2026-06-18T22:30:02,4.99999854452079
2026-06-18T22:45:00,BEND:DMPS:400:BACT,2026-06-18T22:45:02,4.999996924524453
2026-06-18T23:00:00,BEND:DMPS:400:BACT,2026-06-18T23:00:02,4.999995488919324
2026-06-18T23:15:00,BEND:DMPS:400:BACT,2026-06-18T23:15:02,5.000000251431471
2026-06-18T23:30:00,BEND:DMPS:400:BACT,2026-06-18T23:30:01,4.999995650502042
2026-06-18T23:45:00,BEND:DMPS:400:BACT,2026-06-18T23:45:01,4.9999969533345165
2026-06-19T00:15:00,BEND:DMPS:400:BACT,2026-06-19T00:15:02,5.000001457138563
2026-06-19T00:30:00,BEND:DMPS:400:BACT,2026-06-19T00:30:02,5.000001080591532
2026-06-19T00:45:00,BEND:DMPS:400:BACT,2026-06-19T00:45:02,4.999995233004014
2026-06-19T01:00:00,BEND:DMPS:400:BACT,2026-06-19T01:00:02,5.000005520943089
2026-06-19T01:15:00,BEND:DMPS:400:BACT,2026-06-19T01:15:01,4.999992188028256
2026-06-19T01:30:00,BEND:DMPS:400:BACT,2026-06-19T01:30:02,5.000006005924425
2026-06-19T01:45:00,BEND:DMPS:400:BACT,2026-06-19T01:45:02,4.999992259718729
2026-06-19T02:00:00,BEND:DMPS:400:BACT,2026-06-19T02:00:02,5.000006982383852
2026-06-19T02:15:00,BEND:DMPS:400:BACT,2026-06-19T02:15:02,4.99999793012428
2026-06-19T02:30:00,BEND:DMPS:400:BACT,2026-06-19T02:30:02,4.999996520220307
2026-06-19T02:45:00,BEND:DMPS:400:BACT,2026-06-19T02:45:02,5.000004328834152
2026-06-19T03:00:00,BEND:DMPS:400:BACT,2026-06-19T03:00:01,4.999993829634573
2026-06-19T03:15:00,BEND:DMPS:400:BACT,2026-06-19T03:15:02,4.999997729627411
2026-06-19T03:30:00,BEND:DMPS:400:BACT,2026-06-19T03:30:02,5.00000167807277
2026-06-19T03:45:00,BEND:DMPS:400:BACT,2026-06-19T03:45:02,4.9999974234064535
2026-06-19T04:15:00,BEND:DMPS:400:BACT,2026-06-19T04:15:02,5.000005673550014
2026-06-19T04:30:00,BEND:DMPS:400:BACT,2026-06-19T04:30:02,4.999999072562885
2026-06-19T04:45:00,BEND:DMPS:400:BACT,2026-06-19T04:45:00,5.000003594690437
2026-06-19T05:00:00,BEND:DMPS:400:BACT,2026-06-19T05:00:02,5.000000262339261
2026-06-19T05:15:00,BEND:DMPS:400:BACT,2026-06-19T05:15:02,5.000007646850033
2026-06-19T05:30:00,BEND:DMPS:400:BACT,2026-06-19T05:30:02,5.000003407094399
2026-06-19T05:45:00,BEND:DMPS:400:BACT,2026-06-19T05:45:02,4.9999959847287885
2026-06-19T06:00:00,BEND:DMPS:400:BACT,2026-06-19T06:00:01,5.000006207718147
2026-06-19T06:15:00,BEND:DMPS:400:BACT,2026-06-19T06:15:02,7.999984075641161
2026-06-19T06:30:00,BEND:DMPS:400:BACT,2026-06-19T06:30:02,8.000007428645619
2026-06-19T06:45:00,BEND:DMPS:400:BACT,2026-06-19T06:45:02,7.999993510100111
2026-06-19T07:00:00,BEND:DMPS:400:BACT,2026-06-19T07:00:02,7.9999921798900155
2026-06-19T07:15:00,BEND:DMPS:400:BACT,2026-06-19T07:15:02,7.9999986332431945
2026-06-19T07:30:00,BEND:DMPS:400:BACT,2026-06-19T07:30:02,7.999995090315282
2026-06-19T07:45:00,BEND:DMPS:400:BACT,2026-06-19T07:45:01,7.999994462872336
2026-06-19T08:15:00,BEND:DMPS:400:BACT,2026-06-19T08:15:02,7.999988839775372
2026-06-19T08:30:00,BEND:DMPS:400:BACT,2026-06-19T08:30:02,7.999994970746804
2026-06-19T08:45:00,BEND:DMPS:400:BACT,2026-06-19T08:45:02,7.999992865590437
2026-06-19T09:00:00,BEND:DMPS:400:BACT,2026-06-19T09:00:02,7.999991349228104
2026-06-19T09:15:00,BEND:DMPS:400:BACT,2026-06-19T09:15:02,8.000000065847724
2026-06-19T09:30:00,BEND:DMPS:400:BACT,2026-06-19T09:30:01,7.999994963833019
2026-06-19T09:45:00,BEND:DMPS:400:BACT,2026-06-19T09:45:02,7.999991371880491
2026-06-19T10:00:00,BEND:DMPS:400:BACT,2026-06-19T10:00:01,7.99999016026206
2026-06-19T10:15:00,BEND:DMPS:400:BACT,2026-06-19T10:15:02,7.999993454675955
2026-06-19T10:30:00,BEND:DMPS:400:BACT,2026-06-19T10:30:02,7.999999643693438
2026-06-19T10:45:00,BEND:DMPS:400:BACT,2026-06-19T10:45:02,7.999990482664508
2026-06-19T11:00:00,BEND:DMPS:400:BACT,2026-06-19T11:00:02,7.9999816818732485
2026-06-19T11:15:00,BEND:DMPS:400:BACT,2026-06-19T11:15:01,7.999999632192538
2026-06-19T11:30:00,BEND:DMPS:400:BACT,2026-06-19T11:30:02,7.999992361967137
2026-06-19T11:45:00,BEND:DMPS:400:BACT,2026-06-19T11:45:02,7.999994667869983
2026-06-19T12:15:00,BEND:DMPS:400:BACT,2026-06-19T12:15:02,7.999990077813587
2026-06-19T12:30:00,BEND:DMPS:400:BACT,2026-06-19T12:30:02,7.999996111743796
2026-06-19T12:45:00,BEND:DMPS:400:BACT,2026-06-19T12:45:02,7.999982104210769
2026-06-19T13:00:00,BEND:DMPS:400:BACT,2026-06-19T13:00:01,8.00000388689277
2026-06-19T13:15:00,BEND:DMPS:400:BACT,2026-06-19T13:15:02,7.999985851516915
2026-06-19T13:30:00,BEND:DMPS:400:BACT,2026-06-19T13:30:02,7.999986359047118
2026-06-19T13:45:00,BEND:DMPS:400:BACT,2026-06-19T13:45:02,7.999996547983372
2026-06-19T14:00:00,BEND:DMPS:400:BACT,2026-06-19T14:00:02,7.999994609265186
2026-06-19T14:15:00,BEND:DMPS:400:BACT,2026-06-19T14:15:02,8.000007340123494
2026-06-19T14:30:00,BEND:DMPS:400:BACT,2026-06-19T14:30:02,7.999990171104116
2026-06-19T14:45:00,BEND:DMPS:400:BACT,2026-06-19T14:45:01,7.999987967668524
2026-06-19T15:00:00,BEND:DMPS:400:BACT,2026-06-19T15:00:02,7.999996955591638
2026-06-19T15:15:00,BEND:DMPS:400:BACT,2026-06-19T15:15:02,7.999991952229997
2026-06-19T15:30:00,BEND:DMPS:400:BACT,2026-06-19T15:30:02,7.999993440474482
2026-06-19T15:45:00,BEND:DMPS:400:BACT,2026-06-19T15:45:02,7.999993272669659
2026-06-19T16:15:00,BEND:DMPS:400:BACT,2026-06-19T16:15:02,7.9999817191798925
2026-06-19T16:30:00,BEND:DMPS:400:BACT,2026-06-19T16:30:02,7.999995732904579
2026-06-19T16:45:00,BEND:DMPS:400:BACT,2026-06-19T16:45:01,7.999982496640284
2026-06-19T17:00:00,BEND:DMPS:400:BACT,2026-06-19T17:00:01,7.999997760230383
2026-06-19T17:15:00,BEND:DMPS:400:BACT,2026-06-19T17:15:02,7.999988590655793
2026-06-19T17:30:00,BEND:DMPS:400:BACT,2026-06-19T17:30:02,7.999990669687808
2026-06-19T17:45:00,BEND:DMPS:400:BACT,2026-06-19T17:45:00,7.999996060022167
2026-06-19T18:00:00,BEND:DMPS:400:BACT,2026-06-19T18:00:02,7.9999843904915675
2026-06-19T18:15:00,BEND:DMPS:400:BACT,2026-06-19T18:15:01,13.280244194348183
2026-06-19T18:30:00,BEND:DMPS:400:BACT,2026-06-19T18:30:02,4.999997228166063
2026-06-19T18:45:00,BEND:DMPS:400:BACT,2026-06-19T18:45:01,4.999997985888354
2026-06-19T19:00:00,BEND:DMPS:400:BACT,2026-06-19T19:00:02,5.000004188589252
2026-06-19T19:15:00,BEND:DMPS:400:BACT,2026-06-19T19:15:01,5.00000028517087
2026-06-19T19:30:00,BEND:DMPS:400:BACT,2026-06-19T19:30:02,4.999998577539791
2026-06-19T19:45:00,BEND:DMPS:400:BACT,2026-06-19T19:45:01,4.9999980049172645
2026-06-19T20:15:00,BEND:DMPS:400:BACT,2026-06-19T20:15:01,4.999999526414411
2026-06-19T20:30:00,BEND:DMPS:400:BACT,2026-06-19T20:30:02,5.000005502072208
2026-06-19T20:45:00,BEND:DMPS:400:BACT,2026-06-19T20:45:01,5.000004821825806
2026-06-19T21:00:00,BEND:DMPS:400:BACT,2026-06-19T21:00:02,5.000004661340824
2026-06-19T21:15:00,BEND:DMPS:400:BACT,2026-06-19T21:15:01,4.999995058515798
2026-06-19T21:30:00,BEND:DMPS:400:BACT,2026-06-19T21:30:02,5.0000033811620765
2026-06-19T21:45:00,BEND:DMPS:400:BACT,2026-06-19T21:45:01,4.999999211690353
2026-06-19T22:00:00,BEND:DMPS:400:BACT,2026-06-19T22:00:02,4.999994349685737
2026-06-19T22:15:00,BEND:DMPS:400:BACT,2026-06-19T22:15:01,4.9999999478926105
2026-06-19T22:30:00,BEND:DMPS:400:BACT,2026-06-19T22:30:02,5.000004836652547
2026-06-19T22:45:00,BEND:DMPS:400:BACT,2026-06-19T22:45:01,4.999996676036801
2026-06-19T23:00:00,BEND:DMPS:400:BACT,2026-06-19T23:00:02,5.000010864124988
2026-06-19T23:15:00,BEND:DMPS:400:BACT,2026-06-19T23:15:01,5.000008839098318
2026-06-19T23:30:00,BEND:DMPS:400:BACT,2026-06-19T23:30:02,4.999990755034483
2026-06-19T23:45:00,BEND:DMPS:400:BACT,2026-06-19T23:45:01,5.000008210902105
2026-06-20T00:15:00,BEND:DMPS:400:BACT,2026-06-20T00:15:01,4.999988060997274
2026-06-20T00:30:00,BEND:DMPS:400:BACT,2026-06-20T00:30:02,5.0000024715125235
2026-06-20T00:45:00,BEND:DMPS:400:BACT,2026-06-20T00:45:02,4.999995654326165
2026-06-20T01:00:00,BEND:DMPS:400:BACT,2026-06-20T01:00:02,4.999998844784384
2026-06-20T01:15:00,BEND:DMPS:400:BACT,2026-06-20T01:15:02,5.0000043270577255
2026-06-20T01:30:00,BEND:DMPS:400:BACT,2026-06-20T01:30:01,5.000002157103598
2026-06-20T01:45:00,BEND:DMPS:400:BACT,2026-06-20T01:45:01,5.000001794304414
2026-06-20T02:00:00,BEND:DMPS:400:BACT,2026-06-20T02:00:02,5.0000123880265415
2026-06-20T02:15:00,BEND:DMPS:400:BACT,2026-06-20T02:15:02,4.9999950388463805
2026-06-20T02:30:00,BEND:DMPS:400:BACT,2026-06-20T02:30:02,4.999997854165485
2026-06-20T02:45:00,BEND:DMPS:400:BACT,2026-06-20T02:45:02,5.000002321035168
2026-06-20T03:00:00,BEND:DMPS:400:BACT,2026-06-20T03:00:02,4.999999088837566
2026-06-20T03:15:00,BEND:DMPS:400:BACT,2026-06-20T03:15:01,5.000007799582506
2026-06-20T03:30:00,BEND:DMPS:400:BACT,2026-06-20T03:30:02,4.9999965637432116
2026-06-20T03:45:00,BEND:DMPS:400:BACT,2026-06-20T03:45:02,4.999999814530898
2026-06-20T04:15:00,BEND:DMPS:400:BACT,2026-06-20T04:15:02,4.999996344846492
2026-06-20T04:30:00,BEND:DMPS:400:BACT,2026-06-20T04:30:01,5.0000061489077625
2026-06-20T04:45:00,BEND:DMPS:400:BACT,2026-06-20T04:45:02,4.9999877966335715
2026-06-20T05:00:00,BEND:DMPS:400:BACT,2026-06-20T05:00:00,5.000003551874172
2026-06-20T05:15:00,BEND:DMPS:400:BACT,2026-06-20T05:15:02,5.000002363995185
2026-06-20T05:30:00,BEND:DMPS:400:BACT,2026-06-20T05:30:02,4.9999923042469305
2026-06-20T05:45:00,BEND:DMPS:400:BACT,2026-06-20T05:45:02,5.000007251723098
2026-06-20T06:00:00,BEND:DMPS:400:BACT,2026-06-20T06:00:02,5.000000143608628
2026-06-20T06:15:00,BEND:DMPS:400:BACT,2026-06-20T06:15:02,5.0000052482732285
2026-06-20T06:30:00,BEND:DMPS:400:BACT,2026-06-20T06:30:02,5.000007054750144
2026-06-20T06:45:00,BEND:DMPS:400:BACT,2026-06-20T06:45:01,4.9999933964693755
2026-06-20T07:00:00,BEND:DMPS:400:BACT,2026-06-20T07:00:02,5.000011121593141
2026-06-20T07:15:00,BEND:DMPS:400:BACT,2026-06-20T07:15:02,4.999999160083628
2026-06-20T07:30:00,BEND:DMPS:400:BACT,2026-06-20T07:30:02,4.999991198581227
2026-06-20T07:45:00,BEND:DMPS:400:BACT,2026-06-20T07:45:02,5.000007176398005
2026-06-20T08:15:00,BEND:DMPS:400:BACT,2026-06-20T08:15:02,5.000003683334312
2026-06-20T08:30:00,BEND:DMPS:400:BACT,2026-06-20T08:30:01,4.999997323602344
2026-06-20T08:45:00,BEND:DMPS:400:BACT,2026-06-20T08:45:02,4.999996533690782
2026-06-20T09:00:00,BEND:DMPS:400:BACT,2026-06-20T09:00:02,5.000004065854795
2026-06-20T09:15:00,BEND:DMPS:400:BACT,2026-06-20T09:15:02,4.9999962451330395
2026-06-20T09:30:00,BEND:DMPS:400:BACT,2026-06-20T09:30:02,5.0000067580621534
2026-06-20T09:45:00,BEND:DMPS:400:BACT,2026-06-20T09:45:02,5.00000276963064
2026-06-20T10:00:00,BEND:DMPS:400:BACT,2026-06-20T10:00:02,4.999989586996863
2026-06-20T10:15:00,BEND:DMPS:400:BACT,2026-06-20T10:15:00,5.000002102341288
2026-06-20T10:30:00,BEND:DMPS:400:BACT,2026-06-20T10:30:02,4.999992720808081
2026-06-20T10:45:00,BEND:DMPS:400:BACT,2026-06-20T10:45:02,5.000002271045608
2026-06-20T11:00:00,BEND:DMPS:400:BACT,2026-06-20T11:00:02,4.999999895766202
2026-06-20T11:15:00,BEND:DMPS:400:BACT,2026-06-20T11:15:02,4.999998970727832
2026-06-20T11:30:00,BEND:DMPS:400:BACT,2026-06-20T11:30:02,5.000000887820379
2026-06-20T11:45:00,BEND:DMPS:400:BACT,2026-06-20T11:45:02,4.999999974062313
2026-06-20T12:15:00,BEND:DMPS:400:BACT,2026-06-20T12:15:02,5.000008493286729
2026-06-20T12:30:00,BEND:DMPS:400:BACT,2026-06-20T12:30:01,5.0000000474024295
2026-06-20T12:45:00,BEND:DMPS:400:BACT,2026-06-20T12:45:02,4.999997419036038
2026-06-20T13:00:00,BEND:DMPS:400:BACT,2026-06-20T13:00:02,5.000008046481808
2026-06-20T13:15:00,BEND:DMPS:400:BACT,2026-06-20T13:15:02,4.999995411118296
2026-06-20T13:30:00,BEND:DMPS:400:BACT,2026-06-20T13:30:02,5.000001916088227
2026-06-20T13:45:00,BEND:DMPS:400:BACT,2026-06-20T13:45:01,4.9999975470496505
2026-06-20T14:00:00,BEND:DMPS:400:BACT,2026-06-20T14:00:02,4.9999957761198255
2026-06-20T14:15:00,BEND:DMPS:400:BACT,2026-06-20T14:15:01,5.00000365567128
2026-06-20T14:30:00,BEND:DMPS:400:BACT,2026-06-20T14:30:02,5.00000254133106
2026-06-20T14:45:00,BEND:DMPS:400:BACT,2026-06-20T14:45:02,4.999994504559842
2026-06-20T15:00:00,BEND:DMPS:400:BACT,2026-06-20T15:00:02,5.0000033917508695
2026-06-20T15:15:00,BEND:DMPS:400:BACT,2026-06-20T15:15:02,4.9999986108372845
2026-06-20T15:30:00,BEND:DMPS:400:BACT,2026-06-20T15:30:02,5.000005643337673
2026-06-20T15:45:00,BEND:DMPS:400:BACT,2026-06-20T15:45:02,5.000005679203855
2026-06-20T16:15:00,BEND:DMPS:400:BACT,2026-06-20T16:15:02,5.0000016152870455
2026-06-20T16:30:00,BEND:DMPS:400:BACT,2026-06-20T16:30:02,4.999998321186554
2026-06-20T16:45:00,BEND:DMPS:400:BACT,2026-06-20T16:45:02,5.0000120750249195
2026-06-20T17:00:00,BEND:DMPS:400:BACT,2026-06-20T17:00:02,5.000006666956774
2026-06-20T17:15:00,BEND:DMPS:400:BACT,2026-06-20T17:15:01,5.000000619758353
2026-06-20T17:30:00,BEND:DMPS:400:BACT,2026-06-20T17:30:01,5.000001940470097
2026-06-20T17:45:00,BEND:DMPS:400:BACT,2026-06-20T17:45:01,4.999999344038394
2026-06-20T18:00:00,BEND:DMPS:400:BACT,2026-06-20T18:00:02,5.0000009310232425
2026-06-20T18:15:00,BEND:DMPS:400:BACT,2026-06-20T18:15:02,7.999990646096951
2026-06-20T18:30:00,BEND:DMPS:400:BACT,2026-06-20T18:30:02,7.999989148208582
2026-06-20T18:45:00,BEND:DMPS:400:BACT,2026-06-20T18:45:02,7.999996770075164
2026-06-20T19:00:00,BEND:DMPS:400:BACT,2026-06-20T19:00:01,7.999990459492528
2026-06-20T19:15:00,BEND:DMPS:400:BACT,2026-06-20T19:15:02,8.000000066914108
2026-06-20T19:30:00,BEND:DMPS:400:BACT,2026-06-20T19:30:02,8.000001520693408
2026-06-20T19:45:00,BEND:DMPS:400:BACT,2026-06-20T19:45:02,7.999991068028677
2026-06-20T20:15:00,BEND:DMPS:400:BACT,2026-06-20T20:15:02,7.999986474194663
2026-06-20T20:30:00,BEND:DMPS:400:BACT,2026-06-20T20:30:02,7.999988182312277
2026-06-20T20:45:00,BEND:DMPS:400:BACT,2026-06-20T20:45:01,7.999999311171983
2026-06-20T21:00:00,BEND:DMPS:400:BACT,2026-06-20T20:59:59,7.999991382278767
2026-06-20T21:15:00,BEND:DMPS:400:BACT,2026-06-20T21:15:02,7.99998792096803
2026-06-20T21:30:00,BEND:DMPS:400:BACT,2026-06-20T21:30:02,7.999995912520126
2026-06-20T21:45:00,BEND:DMPS:400:BACT,2026-06-20T21:45:02,7.999986002301659
2026-06-20T22:00:00,BEND:DMPS:400:BACT,2026-06-20T22:00:02,7.999994056388212
2026-06-20T22:15:00,BEND:DMPS:400:BACT,2026-06-20T22:15:02,7.999990765430598
2026-06-20T22:30:00,BEND:DMPS:400:BACT,2026-06-20T22:30:01,7.999991008749028
2026-06-20T22:45:00,BEND:DMPS:400:BACT,2026-06-20T22:45:02,7.999996296199327
2026-06-20T23:00:00,BEND:DMPS:400:BACT,2026-06-20T23:00:02,7.999983538801953
2026-06-20T23:15:00,BEND:DMPS:400:BACT,2026-06-20T23:15:02,7.999997220253566
2026-06-20T23:30:00,BEND:DMPS:400:BACT,2026-06-20T23:30:02,7.99998843782448
2026-06-20T23:45:00,BEND:DMPS:400:BACT,2026-06-20T23:45:01,7.999992487775596
2026-06-21T00:15:00,BEND:DMPS:400:BACT,2026-06-21T00:15:01,7.999992579845626
2026-06-21T00:30:00,BEND:DMPS:400:BACT,2026-06-21T00:30:02,7.999998944431987
2026-06-21T00:45:00,BEND:DMPS:400:BACT,2026-06-21T00:45:02,7.999998872765529
2026-06-21T01:00:00,BEND:DMPS:400:BACT,2026-06-21T01:00:02,7.999989251268687
2026-06-21T01:15:00,BEND:DMPS:400:BACT,2026-06-21T01:15:02,7.999991431246863
2026-06-21T01:30:00,BEND:DMPS:400:BACT,2026-06-21T01:30:02,7.999985562808924
2026-06-21T01:45:00,BEND:DMPS:400:BACT,2026-06-21T01:45:02,7.99999264848702
2026-06-21T02:00:00,BEND:DMPS:400:BACT,2026-06-21T02:00:01,7.999991556695905
2026-06-21T02:15:00,BEND:DMPS:400:BACT,2026-06-21T02:15:02,7.999988068016476
2026-06-21T02:30:00,BEND:DMPS:400:BACT,2026-06-21T02:30:02,7.999991410522066
2026-06-21T02:45:00,BEND:DMPS:400:BACT,2026-06-21T02:45:02,7.999993189138236
2026-06-21T03:00:00,BEND:DMPS:400:BACT,2026-06-21T03:00:02,7.999991801907733
2026-06-21T03:15:00,BEND:DMPS:400:BACT,2026-06-21T03:15:02,7.999995048338773
2026-06-21T03:30:00,BEND:DMPS:400:BACT,2026-06-21T03:30:02,7.9999877503993595
2026-06-21T03:45:00,BEND:DMPS:400:BACT,2026-06-21T03:45:02,7.9999840975402385
2026-06-21T04:15:00,BEND:DMPS:400:BACT,2026-06-21T04:15:01,7.9999855874268295
2026-06-21T04:30:00,BEND:DMPS:400:BACT,2026-06-21T04:30:02,7.99999334525458
2026-06-21T04:45:00,BEND:DMPS:400:BACT,2026-06-21T04:45:02,7.99999240908484
2026-06-21T05:00:00,BEND:DMPS:400:BACT,2026-06-21T05:00:02,7.999979373603171
2026-06-21T05:15:00,BEND:DMPS:400:BACT,2026-06-21T05:15:02,7.999995509861413
2026-06-21T05:30:00,BEND:DMPS:400:BACT,2026-06-21T05:30:00,7.999990763962209
2026-06-21T05:45:00,BEND:DMPS:400:BACT,2026-06-21T05:45:01,7.999991305540583
2026-06-21T06:00:00,BEND:DMPS:400:BACT,2026-06-21T06:00:01,7.9999992463536405
2026-06-21T06:15:00,BEND:DMPS:400:BACT,2026-06-21T06:15:02,7.999992020264912
2026-06-21T06:30:00,BEND:DMPS:400:BACT,2026-06-21T06:30:02,7.999995105660657
2026-06-21T06:45:00,BEND:DMPS:400:BACT,2026-06-21T06:45:02,7.999993905930195
2026-06-21T07:00:00,BEND:DMPS:400:BACT,2026-06-21T07:00:02,7.999979311222666
2026-06-21T07:15:00,BEND:DMPS:400:BACT,2026-06-21T07:15:02,8.000000206198619
2026-06-21T07:30:00,BEND:DMPS:400:BACT,2026-06-21T07:30:02,7.999992647002809
2026-06-21T07:45:00,BEND:DMPS:400:BACT,2026-06-21T07:45:01,7.99999794318701
2026-06-21T08:15:00,BEND:DMPS:400:BACT,2026-06-21T08:15:02,7.999976977008516
2026-06-21T08:30:00,BEND:DMPS:400:BACT,2026-06-21T08:30:02,7.99999744189375
2026-06-21T08:45:00,BEND:DMPS:400:BACT,2026-06-21T08:45:02,7.999992294947779
2026-06-21T09:00:00,BEND:DMPS:400:BACT,2026-06-21T09:00:02,7.99999691331155
2026-06-21T09:15:00,BEND:DMPS:400:BACT,2026-06-21T09:15:02,7.999997379542806
2026-06-21T09:30:00,BEND:DMPS:400:BACT,2026-06-21T09:30:02,7.999992707984528
2026-06-21T09:45:00,BEND:DMPS:400:BACT,2026-06-21T09:45:02,7.999994075573648
2026-06-21T10:00:00,BEND:DMPS:400:BACT,2026-06-21T10:00:02,7.999992755444737
2026-06-21T10:15:00,BEND:DMPS:400:BACT,2026-06-21T10:15:02,7.9999962782559235
2026-06-21T10:30:00,BEND:DMPS:400:BACT,2026-06-21T10:30:02,8.000002061497097
2026-06-21T10:45:00,BEND:DMPS:400:BACT,2026-06-21T10:45:01,7.999980374938812
2026-06-21T11:00:00,BEND:DMPS:400:BACT,2026-06-21T11:00:02,7.999985186469732
2026-06-21T11:15:00,BEND:DMPS:400:BACT,2026-06-21T11:15:02,7.999997563501058
2026-06-21T11:30:00,BEND:DMPS:400:BACT,2026-06-21T11:30:02,7.999987691677642
2026-06-21T11:45:00,BEND:DMPS:400:BACT,2026-06-21T11:45:02,8.000001976474726
2026-06-21T12:15:00,BEND:DMPS:400:BACT,2026-06-21T12:15:02,7.999989079389373
2026-06-21T12:30:00,BEND:DMPS:400:BACT,2026-06-21T12:30:02,7.999992148469791
2026-06-21T12:45:00,BEND:DMPS:400:BACT,2026-06-21T12:45:02,7.999996062519267
2026-06-21T13:00:00,BEND:DMPS:400:BACT,2026-06-21T13:00:02,7.999994339945647
2026-06-21T13:15:00,BEND:DMPS:400:BACT,2026-06-21T13:15:02,7.999990442703904
2026-06-21T13:30:00,BEND:DMPS:400:BACT,2026-06-21T13:30:02,7.999994793150311
2026-06-21T13:45:00,BEND:DMPS:400:BACT,2026-06-21T13:45:01,8.00000019318969
2026-06-21T14:00:00,BEND:DMPS:400:BACT,2026-06-21T14:00:02,7.999980380821387
2026-06-21T14:15:00,BEND:DMPS:400:BACT,2026-06-21T14:15:02,8.00000135875793
2026-06-21T14:30:00,BEND:DMPS:400:BACT,2026-06-21T14:30:02,7.999984157583948
2026-06-21T14:45:00,BEND:DMPS:400:BACT,2026-06-21T14:45:02,7.9999993503300315
2026-06-21T15:00:00,BEND:DMPS:400:BACT,2026-06-21T15:00:01,7.999991062385075
2026-06-21T15:15:00,BEND:DMPS:400:BACT,2026-06-21T15:15:02,7.999986835088479
2026-06-21T15:30:00,BEND:DMPS:400:BACT,2026-06-21T15:30:01,7.9999920551287955
2026-06-21T15:45:00,BEND:DMPS:400:BACT,2026-06-21T15:45:02,7.999996627147684
2026-06-21T16:15:00,BEND:DMPS:400:BACT,2026-06-21T16:15:02,7.9999918583735035
2026-06-21T16:30:00,BEND:DMPS:400:BACT,2026-06-21T16:30:02,7.999986731596469
2026-06-21T16:45:00,BEND:DMPS:400:BACT,2026-06-21T16:45:01,8.00000425147475
2026-06-21T17:00:00,BEND:DMPS:400:BACT,2026-06-21T17:00:02,7.999993118975195
2026-06-21T17:15:00,BEND:DMPS:400:BACT,2026-06-21T17:15:02,7.999998368579934
2026-06-21T17:30:00,BEND:DMPS:400:BACT,2026-06-21T17:30:01,7.999995175928618
2026-06-21T17:45:00,BEND:DMPS:400:BACT,2026-06-21T17:45:02,7.999991412401991
2026-06-21T18:00:00,BEND:DMPS:400:BACT,2026-06-21T18:00:02,7.999998951458584
2026-06-21T18:15:00,BEND:DMPS:400:BACT,2026-06-21T18:15:02,4.992147051769772
2026-06-21T18:30:00,BEND:DMPS:400:BACT,2026-06-21T18:30:02,4.999998898188974
2026-06-21T18:45:00,BEND:DMPS:400:BACT,2026-06-21T18:45:02,5.0000058025947505
2026-06-21T19:00:00,BEND:DMPS:400:BACT,2026-06-21T19:00:01,5.000007265445053
2026-06-21T19:15:00,BEND:DMPS:400:BACT,2026-06-21T19:15:02,5.000002688042593
2026-06-21T19:30:00,BEND:DMPS:400:BACT,2026-06-21T19:30:02,5.00000034142983
2026-06-21T19:45:00,BEND:DMPS:400:BACT,2026-06-21T19:45:02,4.999995504540817
2026-06-21T20:00:00,BEND:DMPS:400:BACT,2026-06-21T20:00:02,5.000002004611597
